applicant_id,state,density,job_id,title_raw,source,employer,policy_adjusted_score,base_fit_score,eligibility_status,n_gaps,primary_gap,match_label,rank
0183f9ae-29a2-4cf9-8f87-0870c622ecba,FL,2,0cf3e86d-7b7b-49b5-b0e7-95f732a9356b,Service Representative - ASCO - Miami,scraper,Schneider Electric,51.16,45.16,near_fit,2,job_family_compatibility,moderate_fit,1
0183f9ae-29a2-4cf9-8f87-0870c622ecba,FL,2,d6ce56c8-37c1-4825-9f1c-6a380cc955c6,Service Representative - ASCO - Tallahassee,scraper,Schneider Electric,51.16,45.16,near_fit,2,job_family_compatibility,moderate_fit,2
0199d2dd-2a09-4083-a6af-1d19500b4901,GA,2,d2b5bb83-b02b-43d9-9075-87bcffd426ba,System Specialist III,scraper,Schneider Electric,15.28,21.28,ineligible,1,job_family_compatibility,low_fit,1
0199d2dd-2a09-4083-a6af-1d19500b4901,GA,2,1bf0ac7a-e529-4e85-9cdb-5bea8e082fd1,Electronic Technician,scraper,Southwire,59.69,53.69,near_fit,2,seniority_compatibility,moderate_fit,2
0199d2dd-2a09-4083-a6af-1d19500b4901,GA,2,34db19d2-d22c-420b-9ca4-3a0b96da2fae,"Technician, Electronic",scraper,Southwire,59.63,53.63,near_fit,2,seniority_compatibility,moderate_fit,3
0199d2dd-2a09-4083-a6af-1d19500b4901,GA,2,f598393a-49cf-4330-97e9-3febf3c6614a,HVAC Installer - 2nd Shift (Apprenticeship Program),employer_created,Acme Industrial,57.06,46.06,near_fit,2,job_family_compatibility,moderate_fit,4
0199d2dd-2a09-4083-a6af-1d19500b4901,GA,2,7be0d8c5-61fb-42e0-85e2-e57eaa3c8c92,Building Automation Technician II,scraper,Schneider Electric,51.70,45.70,near_fit,2,job_family_compatibility,moderate_fit,5
0199d2dd-2a09-4083-a6af-1d19500b4901,GA,2,6c0c32de-720f-468e-9db4-98fcf35d3476,System Specialist II,scraper,Schneider Electric,51.62,45.62,near_fit,2,job_family_compatibility,moderate_fit,6
0199d2dd-2a09-4083-a6af-1d19500b4901,GA,2,092dfb2b-ff27-4d1b-aa53-8719e5b2f01e,System Specialist I,scraper,Schneider Electric,51.59,45.59,near_fit,2,job_family_compatibility,moderate_fit,7
0199d2dd-2a09-4083-a6af-1d19500b4901,GA,2,784960ea-8969-447d-935d-2a0e711996d6,System Specialist II,scraper,Schneider Electric,51.59,45.59,near_fit,2,job_family_compatibility,moderate_fit,8
0199d2dd-2a09-4083-a6af-1d19500b4901,GA,2,9089b0d0-9bcc-4423-9a86-9ec534a5f15a,Building Automation Technician II,scraper,Schneider Electric,51.59,45.59,near_fit,2,job_family_compatibility,moderate_fit,9
0199d2dd-2a09-4083-a6af-1d19500b4901,GA,2,91897402-de57-4dab-9099-843ecbb624b3,System Specialist I,scraper,Schneider Electric,51.59,45.59,near_fit,2,job_family_compatibility,moderate_fit,10
0199d2dd-2a09-4083-a6af-1d19500b4901,GA,2,aa9c7ad9-821b-405c-8099-64057cbf133a,System Specialist II,scraper,Schneider Electric,51.59,45.59,near_fit,2,job_family_compatibility,moderate_fit,11
0199d2dd-2a09-4083-a6af-1d19500b4901,GA,2,bd562210-99d4-4bde-8780-2e54953bf3dd,System Specialist II,scraper,Schneider Electric,51.59,45.59,near_fit,2,job_family_compatibility,moderate_fit,12
0199d2dd-2a09-4083-a6af-1d19500b4901,GA,2,619f163a-21a4-402f-ab9c-510eb8b05894,Field Service Technician - HVAC/Cooling,scraper,Schneider Electric,49.38,43.38,near_fit,2,job_family_compatibility,moderate_fit,13
0199d2dd-2a09-4083-a6af-1d19500b4901,GA,2,84ee4830-5a83-48d2-8872-a5a40e7f329b,Field Service Technician - HVAC/Cooling,scraper,Schneider Electric,49.38,43.38,near_fit,2,job_family_compatibility,moderate_fit,14
0199d2dd-2a09-4083-a6af-1d19500b4901,GA,2,6e0cf920-9cdc-40a1-a692-9191c7cde9f1,Welder,scraper,GE Vernova,52.38,46.38,near_fit,3,job_family_compatibility,moderate_fit,15
03725f8e-7021-4afb-a107-ee392306094f,AR,2,c1557174-f263-4b94-acae-541575223397,Field Service Technician - HVAC/Cooling,scraper,Schneider Electric,51.71,45.71,near_fit,2,job_family_compatibility,moderate_fit,1
03725f8e-7021-4afb-a107-ee392306094f,AR,2,b5eb6630-f8fa-4f4b-8b46-df30db6d53b0,Field Service Representative,scraper,Schneider Electric,51.12,45.12,near_fit,2,job_family_compatibility,moderate_fit,2
04dc7568-2561-4764-9195-4d521179f9b1,AR,1,c1557174-f263-4b94-acae-541575223397,Field Service Technician - HVAC/Cooling,scraper,Schneider Electric,50.59,44.59,near_fit,2,job_family_compatibility,moderate_fit,1
04dc7568-2561-4764-9195-4d521179f9b1,AR,1,b5eb6630-f8fa-4f4b-8b46-df30db6d53b0,Field Service Representative,scraper,Schneider Electric,50.00,44.00,near_fit,2,job_family_compatibility,moderate_fit,2
053b974a-1f89-4af9-8545-2aa1cebe53fb,ID,1,b02f1e6a-a061-457e-bc5d-4660236b7507,"Wind Hub Technician - Idaho 1 (Idaho Falls, ID)",scraper,GE Vernova,50.69,44.69,near_fit,3,job_family_compatibility,moderate_fit,1
05e3d434-8e3b-4bf8-9458-05bc10dc917c,CO,2,bd04aa5e-2928-4847-9744-1547a1ab34f1,Material Handler - Forklift / Warehouse Operator,scraper,Ball Corporation,52.87,46.87,near_fit,2,job_family_compatibility,moderate_fit,1
05e3d434-8e3b-4bf8-9458-05bc10dc917c,CO,2,55ca320c-2898-40a9-9512-907c637508ab,Field Service Representative - Power Distribution/Electrical,scraper,Schneider Electric,51.12,45.12,near_fit,2,job_family_compatibility,moderate_fit,2
05e3d434-8e3b-4bf8-9458-05bc10dc917c,CO,2,a2db9942-94b5-4f01-a5a2-61dee26618be,Production Technician,scraper,Ball Corporation,53.53,47.53,near_fit,3,job_family_compatibility,moderate_fit,3
05e3d434-8e3b-4bf8-9458-05bc10dc917c,CO,2,acc8ba1f-b40a-40d5-bff8-d3513f34e44c,Machinist,scraper,Ball Corporation,52.79,46.79,near_fit,3,job_family_compatibility,moderate_fit,4
06a62bf8-f705-42b5-96a1-d839cfc06b70,IA,2,ad9ace0a-35e9-4b3a-945f-ea189fa9909a,High Voltage Technician III,scraper,GE Vernova,15.69,21.69,ineligible,2,job_family_compatibility,low_fit,1
0917178f-128e-4906-9b56-fd75cba91bb3,ID,1,b02f1e6a-a061-457e-bc5d-4660236b7507,"Wind Hub Technician - Idaho 1 (Idaho Falls, ID)",scraper,GE Vernova,47.10,41.10,near_fit,3,job_family_compatibility,moderate_fit,1
09a1257c-057e-4135-9bfc-d0c6aa473bbb,HI,1,e59950c8-3322-4281-a0b4-a3cdcef0c8af,Material Handler,scraper,Ball Corporation,51.74,45.74,near_fit,2,job_family_compatibility,moderate_fit,1
0b49d2c8-6a10-48ba-85de-5d0ee6ee0440,AK,1,c94f3763-7c07-414c-9f9c-c1b8f9280c7a,"Lead Senior Wind Hub Technician - Fire Island (Anchorage, AK)",scraper,GE Vernova,15.17,21.17,ineligible,2,job_family_compatibility,low_fit,1
0b6d4dfd-e956-4b56-b2af-c17700b19082,AZ,2,abb0d5f2-47b2-4d88-99e3-319caef8a27c,Manufacturing Cell Lead (2nd Shift),scraper,Schneider Electric,15.31,21.31,ineligible,1,job_family_compatibility,low_fit,1
0b6d4dfd-e956-4b56-b2af-c17700b19082,AZ,2,95614908-a096-4942-98c5-186ebfeb031f,HVAC-Electrical Technician,seed,Southwest Electric & HVAC,53.20,47.20,near_fit,2,job_family_compatibility,moderate_fit,2
0b6d4dfd-e956-4b56-b2af-c17700b19082,AZ,2,392f14b7-7f5d-4e24-a95c-91318ad5e80b,Field Service Representative - HVAC/Cooling,scraper,Schneider Electric,51.87,45.87,near_fit,2,job_family_compatibility,moderate_fit,3
0b6d4dfd-e956-4b56-b2af-c17700b19082,AZ,2,5b7de9fd-608f-4751-bf57-ea7f12da966f,Continuous Improvement Leader,scraper,Schneider Electric,49.55,43.55,near_fit,2,job_family_compatibility,moderate_fit,4
0c90b020-3a9d-414d-9670-e63f3f79d3ec,HI,1,e59950c8-3322-4281-a0b4-a3cdcef0c8af,Material Handler,scraper,Ball Corporation,51.74,45.74,near_fit,2,job_family_compatibility,moderate_fit,1
0dbc257c-8aba-4aa8-97aa-015ed2589c43,IA,2,8e06db2f-46d1-4c95-9260-54d0d5bf7939,Production Operator,scraper,Schneider Electric,54.84,48.84,near_fit,2,job_family_compatibility,moderate_fit,1
0dbc257c-8aba-4aa8-97aa-015ed2589c43,IA,2,ee77e28f-dc40-4a0f-92eb-f49562febe70,Manufacturing Production Worker,scraper,Schneider Electric,51.80,45.80,near_fit,2,job_family_compatibility,moderate_fit,2
0dbc257c-8aba-4aa8-97aa-015ed2589c43,IA,2,ad9ace0a-35e9-4b3a-945f-ea189fa9909a,High Voltage Technician III,scraper,GE Vernova,15.69,21.69,ineligible,2,job_family_compatibility,low_fit,3
0dbc257c-8aba-4aa8-97aa-015ed2589c43,IA,2,df73ef56-a006-40de-ba19-b61ebe2c0704,Manufacturing Production Worker,scraper,Schneider Electric,53.35,47.35,near_fit,3,job_family_compatibility,moderate_fit,4
0dbc257c-8aba-4aa8-97aa-015ed2589c43,IA,2,31d4ed44-8500-44fe-8e98-8926fa2dc95a,Quality Technician - 2nd Shift,scraper,Schneider Electric,49.84,43.84,near_fit,3,job_family_compatibility,moderate_fit,5
0dbc257c-8aba-4aa8-97aa-015ed2589c43,IA,2,a739d570-4a41-4688-a355-cfa5fc8a8192,Quality Technician - 3rd Shift,scraper,Schneider Electric,49.84,43.84,near_fit,3,job_family_compatibility,moderate_fit,6
0f886a1c-1515-4ca8-8c87-84f3ab32d22c,ID,2,b02f1e6a-a061-457e-bc5d-4660236b7507,"Wind Hub Technician - Idaho 1 (Idaho Falls, ID)",scraper,GE Vernova,51.81,45.81,near_fit,3,job_family_compatibility,moderate_fit,1
0feaea55-b1d0-429f-9978-37a636b2c94f,HI,2,e59950c8-3322-4281-a0b4-a3cdcef0c8af,Material Handler,scraper,Ball Corporation,52.37,46.37,near_fit,2,job_family_compatibility,moderate_fit,1
11d207fe-1b27-46c8-8c90-7b7bbc0011af,AZ,1,398da005-863a-485c-a972-f555fcc71f5e,Field Service Representative - Drives/Industry,scraper,Schneider Electric,52.35,46.35,near_fit,1,job_family_compatibility,moderate_fit,1
11d207fe-1b27-46c8-8c90-7b7bbc0011af,AZ,1,cc8866c0-fd8c-4ec4-8c76-6d222ef7b305,Quality Inspector,scraper,Schneider Electric,50.48,44.48,near_fit,1,job_family_compatibility,moderate_fit,2
11d207fe-1b27-46c8-8c90-7b7bbc0011af,AZ,1,f11111cd-0177-4bbc-a032-82cde1e21e4c,Quality Inspector,scraper,Schneider Electric,50.48,44.48,near_fit,1,job_family_compatibility,moderate_fit,3
11d207fe-1b27-46c8-8c90-7b7bbc0011af,AZ,1,ced66e0d-fea0-4c45-a6b0-03b0c7d3993c,Production Supervisor,scraper,Schneider Electric,14.85,20.85,ineligible,1,job_family_compatibility,low_fit,4
11d207fe-1b27-46c8-8c90-7b7bbc0011af,AZ,1,abb0d5f2-47b2-4d88-99e3-319caef8a27c,Manufacturing Cell Lead (2nd Shift),scraper,Schneider Electric,14.78,20.78,ineligible,1,job_family_compatibility,low_fit,5
11d207fe-1b27-46c8-8c90-7b7bbc0011af,AZ,1,95614908-a096-4942-98c5-186ebfeb031f,HVAC-Electrical Technician,seed,Southwest Electric & HVAC,52.08,46.08,near_fit,2,job_family_compatibility,moderate_fit,6
11d207fe-1b27-46c8-8c90-7b7bbc0011af,AZ,1,392f14b7-7f5d-4e24-a95c-91318ad5e80b,Field Service Representative - HVAC/Cooling,scraper,Schneider Electric,50.74,44.74,near_fit,2,job_family_compatibility,moderate_fit,7
11d207fe-1b27-46c8-8c90-7b7bbc0011af,AZ,1,f39b2b0c-778f-47c5-8f6d-4b9353db57a6,Field Service Representative,scraper,Schneider Electric,50.03,44.03,near_fit,2,job_family_compatibility,moderate_fit,8
11d207fe-1b27-46c8-8c90-7b7bbc0011af,AZ,1,5b7de9fd-608f-4751-bf57-ea7f12da966f,Continuous Improvement Leader,scraper,Schneider Electric,48.42,42.42,near_fit,2,job_family_compatibility,moderate_fit,9
11d207fe-1b27-46c8-8c90-7b7bbc0011af,AZ,1,707c18e2-5cba-4985-8dd6-26b3a8a60a95,Maintenance Mechanic,scraper,Ball Corporation,50.23,44.23,near_fit,3,job_family_compatibility,moderate_fit,10
120e745a-89d1-4547-a750-9d5535bbcb96,AR,2,c1557174-f263-4b94-acae-541575223397,Field Service Technician - HVAC/Cooling,scraper,Schneider Electric,51.71,45.71,near_fit,2,job_family_compatibility,moderate_fit,1
120e745a-89d1-4547-a750-9d5535bbcb96,AR,2,b5eb6630-f8fa-4f4b-8b46-df30db6d53b0,Field Service Representative,scraper,Schneider Electric,51.12,45.12,near_fit,2,job_family_compatibility,moderate_fit,2
13426dac-9e4a-4ced-81e2-a24d51447f84,AL,2,334c520d-9f9d-4ba6-b719-3ba479d79642,Warehouse Associate Manufacturing II,scraper,Southwire,53.16,47.16,near_fit,3,job_family_compatibility,moderate_fit,1
15c99d7b-8379-4116-9f88-87e75607597a,GA,2,7589aba9-4d64-4d0f-83dc-238301e9777a,AMT - Avionics - Component Maintenance,scraper,Delta Air Lines,61.80,55.80,near_fit,1,seniority_compatibility,good_fit,1
15c99d7b-8379-4116-9f88-87e75607597a,GA,2,07217a0b-d6bf-4e3f-a895-d81309df4cf2,Aircraft Mtc Surface Coat Technician,scraper,Delta Air Lines,61.75,55.75,near_fit,1,seniority_compatibility,good_fit,2
15c99d7b-8379-4116-9f88-87e75607597a,GA,2,51b5fe5a-552b-48f1-8dd9-c51a3c65fbde,Aircraft Maintenance Technician 2,scraper,Delta Air Lines,60.84,54.84,near_fit,1,seniority_compatibility,good_fit,3
15c99d7b-8379-4116-9f88-87e75607597a,GA,2,a25b80fb-8867-4bcf-a7f1-659b46569740,Field Service Representative I,scraper,Schneider Electric,60.22,54.22,near_fit,1,required_credential_compatibility,good_fit,4
15c99d7b-8379-4116-9f88-87e75607597a,GA,2,2d4478e8-6572-4cea-9bed-ebb35b0452ad,Field Service Representative - Secure Power/Electronic,scraper,Schneider Electric,59.92,53.92,near_fit,1,required_credential_compatibility,moderate_fit,5
15c99d7b-8379-4116-9f88-87e75607597a,GA,2,4e19e54f-bbc8-4fd7-b592-eec1b5dd3bb6,Field Service Representative - Power Distribution/Electrical,scraper,Schneider Electric,59.92,53.92,near_fit,1,required_credential_compatibility,moderate_fit,6
15c99d7b-8379-4116-9f88-87e75607597a,GA,2,a73a1c20-1806-418a-93c9-d8d84fa23ae3,Field Service Representative I,scraper,Schneider Electric,59.92,53.92,near_fit,1,required_credential_compatibility,moderate_fit,7
15c99d7b-8379-4116-9f88-87e75607597a,GA,2,c98f5980-0f8d-4ab0-8c1e-0b16113ef018,Field Service Representative - Power Distribution/Electrical,scraper,Schneider Electric,59.92,53.92,near_fit,1,required_credential_compatibility,moderate_fit,8
15c99d7b-8379-4116-9f88-87e75607597a,GA,2,dbcdcc74-0ea5-4c37-ad66-1bbc27f2fd34,Field Service Representative I,scraper,Schneider Electric,59.92,53.92,near_fit,1,required_credential_compatibility,moderate_fit,9
15c99d7b-8379-4116-9f88-87e75607597a,GA,2,dd301bdc-0e82-4e98-9e14-57c8247c0260,Field Service Representative - Power Distribution/Electrical,scraper,Schneider Electric,59.92,53.92,near_fit,1,required_credential_compatibility,moderate_fit,10
15c99d7b-8379-4116-9f88-87e75607597a,GA,2,129030bc-0db8-4ed9-b4c0-25583cbef1ba,Field Service Technician,scraper,Schneider Electric,58.04,52.04,near_fit,1,required_credential_compatibility,moderate_fit,11
15c99d7b-8379-4116-9f88-87e75607597a,GA,2,3a49304e-d302-4423-a97a-4f65ef8ac44d,Machinist millwright,scraper,Ball Corporation,62.41,56.41,near_fit,2,seniority_compatibility,good_fit,12
15c99d7b-8379-4116-9f88-87e75607597a,GA,2,2af28403-0840-4df5-b7b8-36e623e72e53,"Technician, I",scraper,Southwire,57.83,51.83,near_fit,2,seniority_compatibility,moderate_fit,13
15c99d7b-8379-4116-9f88-87e75607597a,GA,2,13323029-09a8-47a1-8b3b-2bf6e4f6137b,"Technician, Maintenance II",scraper,Southwire,57.68,51.68,near_fit,2,seniority_compatibility,moderate_fit,14
15c99d7b-8379-4116-9f88-87e75607597a,GA,2,88be611e-8df7-464a-91a3-fbaa826c984f,Ground Maintenance Mechanic (Motorized) - ATL,scraper,Delta Air Lines,52.71,46.71,near_fit,2,job_family_compatibility,moderate_fit,15
15c99d7b-8379-4116-9f88-87e75607597a,GA,2,01811a18-2fb7-4c0a-a7e0-15143caaf65e,Ground Maintenance Mechanic (Stationary) - ATL,scraper,Delta Air Lines,52.65,46.65,near_fit,2,job_family_compatibility,moderate_fit,16
15c99d7b-8379-4116-9f88-87e75607597a,GA,2,23cc0d4f-2f56-4972-9c03-5b87c1ff0806,Hourly Warehouse Team Member - Temporary Full-Time - Atlanta HVC (PS&L),employer_import,Ford Motor Company,51.39,45.39,near_fit,2,job_family_compatibility,moderate_fit,17
15c99d7b-8379-4116-9f88-87e75607597a,GA,2,5ed09f56-d309-4c8d-9513-b28283aba939,Machinist,scraper,GE Vernova,50.25,44.25,near_fit,2,job_family_compatibility,moderate_fit,18
15c99d7b-8379-4116-9f88-87e75607597a,GA,2,2713d0f9-14c5-40f6-b6d4-8c648816908e,Production Technician,scraper,Ball Corporation,53.84,47.84,near_fit,3,job_family_compatibility,moderate_fit,19
15c99d7b-8379-4116-9f88-87e75607597a,GA,2,7b12cd8f-f67a-4e7c-8890-2a3b1edbe2b7,Extruder Operator II (2nd Shift),employer_import,Southwire,53.20,47.20,near_fit,3,job_family_compatibility,moderate_fit,20
15c99d7b-8379-4116-9f88-87e75607597a,GA,2,2f35d354-c982-4f31-b4fe-ea388c7854ae,"Operator, Extruder II",scraper,Southwire,53.13,47.13,near_fit,3,job_family_compatibility,moderate_fit,21
15c99d7b-8379-4116-9f88-87e75607597a,GA,2,3ecaaebf-ef87-4111-bb8d-13ee3cdabd7b,Extruder Operator II,scraper,Southwire,53.13,47.13,near_fit,3,job_family_compatibility,moderate_fit,22
15c99d7b-8379-4116-9f88-87e75607597a,GA,2,d2b34f76-7d66-4bee-bcb0-269bbb7d0f75,Take-up Operator I,scraper,Southwire,53.05,47.05,near_fit,3,job_family_compatibility,moderate_fit,23
15c99d7b-8379-4116-9f88-87e75607597a,GA,2,609a49ef-4f83-4ef1-a315-0debfc1faa16,"Operator, Take Up I",scraper,Southwire,53.02,47.02,near_fit,3,job_family_compatibility,moderate_fit,24
15c99d7b-8379-4116-9f88-87e75607597a,GA,2,97e3ae11-f613-41dd-adca-c8d1e4d5cdaa,"Operator, Take Up I",scraper,Southwire,53.00,47.00,near_fit,3,job_family_compatibility,moderate_fit,25
15c99d7b-8379-4116-9f88-87e75607597a,GA,2,8e1eb9a8-1dea-4839-8b5b-98dcc8d257e9,Machinist I,scraper,Southwire,52.99,46.99,near_fit,3,job_family_compatibility,moderate_fit,26
15c99d7b-8379-4116-9f88-87e75607597a,GA,2,050f299a-3320-4e53-91aa-e93418d2ab99,Buncher Operator II,employer_import,Southwire,52.73,46.73,near_fit,3,job_family_compatibility,moderate_fit,27
15c99d7b-8379-4116-9f88-87e75607597a,GA,2,6e0cf920-9cdc-40a1-a692-9191c7cde9f1,Welder,scraper,GE Vernova,52.70,46.70,near_fit,3,job_family_compatibility,moderate_fit,28
15c99d7b-8379-4116-9f88-87e75607597a,GA,2,0336a541-1cd7-4970-b181-33a30857fa4c,Armoring Machine Operator,scraper,Southwire,52.66,46.66,near_fit,3,job_family_compatibility,moderate_fit,29
15c99d7b-8379-4116-9f88-87e75607597a,GA,2,67b5286c-436e-453c-aefb-acc7d5793715,Armoring Machine Operator,employer_import,Southwire,52.66,46.66,near_fit,3,job_family_compatibility,moderate_fit,30
15c99d7b-8379-4116-9f88-87e75607597a,GA,2,dd3d814c-135d-4c3a-9dfc-fd6607803797,Armoring Machine Operator,scraper,Southwire,52.66,46.66,near_fit,3,job_family_compatibility,moderate_fit,31
15c99d7b-8379-4116-9f88-87e75607597a,GA,2,6a2fad85-24bd-4ef0-96c2-b87f6416fc5c,"Operator, Drawing I",scraper,Southwire,52.62,46.62,near_fit,3,job_family_compatibility,moderate_fit,32
15c99d7b-8379-4116-9f88-87e75607597a,GA,2,e8182e8c-0173-41e3-a046-b8061ff9ee8a,Drawing Operator II,scraper,Southwire,52.61,46.61,near_fit,3,job_family_compatibility,moderate_fit,33
15c99d7b-8379-4116-9f88-87e75607597a,GA,2,7a1ae3c5-44c0-4580-9860-6066b81571a6,CNC Industrial Machine Operator,scraper,Delta Air Lines,51.06,45.06,near_fit,3,job_family_compatibility,moderate_fit,34
15c99d7b-8379-4116-9f88-87e75607597a,GA,2,398093d8-ae6f-4f25-9dcc-70d9052d9b05,"Operator, Take Up II",scraper,Southwire,50.90,44.90,near_fit,3,job_family_compatibility,moderate_fit,35
15c99d7b-8379-4116-9f88-87e75607597a,GA,2,3e43d7c9-7084-4ffc-9cc4-26453e4b724f,"Operator, Take Up III",scraper,Southwire,50.90,44.90,near_fit,3,job_family_compatibility,moderate_fit,36
15c99d7b-8379-4116-9f88-87e75607597a,GA,2,43bcc0fb-b9b4-4bb0-9930-0bc29dee7a7f,"Operator, Take Up III",scraper,Southwire,50.90,44.90,near_fit,3,job_family_compatibility,moderate_fit,37
15c99d7b-8379-4116-9f88-87e75607597a,GA,2,94a4ab5c-f9cf-4cce-b4f5-389a4b06484c,Take-up Operator II (2nd Shift),scraper,Southwire,50.90,44.90,near_fit,3,job_family_compatibility,moderate_fit,38
15c99d7b-8379-4116-9f88-87e75607597a,GA,2,eb3167c4-8577-459e-a498-aa9657be0d85,"Operator, Take Up III",scraper,Southwire,50.90,44.90,near_fit,3,job_family_compatibility,moderate_fit,39
1632bc5e-7dd5-4753-961f-5ea2258d660c,HI,1,e59950c8-3322-4281-a0b4-a3cdcef0c8af,Material Handler,scraper,Ball Corporation,47.80,41.80,near_fit,2,job_family_compatibility,moderate_fit,1
17c9a2f2-5af3-4dea-bc6b-72a32dcbda20,AZ,1,398da005-863a-485c-a972-f555fcc71f5e,Field Service Representative - Drives/Industry,scraper,Schneider Electric,52.35,46.35,near_fit,1,job_family_compatibility,moderate_fit,1
17c9a2f2-5af3-4dea-bc6b-72a32dcbda20,AZ,1,cc8866c0-fd8c-4ec4-8c76-6d222ef7b305,Quality Inspector,scraper,Schneider Electric,50.48,44.48,near_fit,1,job_family_compatibility,moderate_fit,2
17c9a2f2-5af3-4dea-bc6b-72a32dcbda20,AZ,1,f11111cd-0177-4bbc-a032-82cde1e21e4c,Quality Inspector,scraper,Schneider Electric,50.48,44.48,near_fit,1,job_family_compatibility,moderate_fit,3
17c9a2f2-5af3-4dea-bc6b-72a32dcbda20,AZ,1,ced66e0d-fea0-4c45-a6b0-03b0c7d3993c,Production Supervisor,scraper,Schneider Electric,14.85,20.85,ineligible,1,job_family_compatibility,low_fit,4
17c9a2f2-5af3-4dea-bc6b-72a32dcbda20,AZ,1,abb0d5f2-47b2-4d88-99e3-319caef8a27c,Manufacturing Cell Lead (2nd Shift),scraper,Schneider Electric,14.78,20.78,ineligible,1,job_family_compatibility,low_fit,5
17c9a2f2-5af3-4dea-bc6b-72a32dcbda20,AZ,1,95614908-a096-4942-98c5-186ebfeb031f,HVAC-Electrical Technician,seed,Southwest Electric & HVAC,52.08,46.08,near_fit,2,job_family_compatibility,moderate_fit,6
17c9a2f2-5af3-4dea-bc6b-72a32dcbda20,AZ,1,392f14b7-7f5d-4e24-a95c-91318ad5e80b,Field Service Representative - HVAC/Cooling,scraper,Schneider Electric,50.74,44.74,near_fit,2,job_family_compatibility,moderate_fit,7
17c9a2f2-5af3-4dea-bc6b-72a32dcbda20,AZ,1,f39b2b0c-778f-47c5-8f6d-4b9353db57a6,Field Service Representative,scraper,Schneider Electric,50.03,44.03,near_fit,2,job_family_compatibility,moderate_fit,8
17c9a2f2-5af3-4dea-bc6b-72a32dcbda20,AZ,1,5b7de9fd-608f-4751-bf57-ea7f12da966f,Continuous Improvement Leader,scraper,Schneider Electric,48.42,42.42,near_fit,2,job_family_compatibility,moderate_fit,9
17c9a2f2-5af3-4dea-bc6b-72a32dcbda20,AZ,1,707c18e2-5cba-4985-8dd6-26b3a8a60a95,Maintenance Mechanic,scraper,Ball Corporation,50.23,44.23,near_fit,3,job_family_compatibility,moderate_fit,10
18de16e2-61ff-44aa-add8-4a9daf94f9d9,AK,1,c94f3763-7c07-414c-9f9c-c1b8f9280c7a,"Lead Senior Wind Hub Technician - Fire Island (Anchorage, AK)",scraper,GE Vernova,15.17,21.17,ineligible,2,job_family_compatibility,low_fit,1
18ee24f1-3f4b-4efe-9a1d-a4a68424d40d,CO,2,bd04aa5e-2928-4847-9744-1547a1ab34f1,Material Handler - Forklift / Warehouse Operator,scraper,Ball Corporation,52.87,46.87,near_fit,2,job_family_compatibility,moderate_fit,1
1a1f0fed-5bfc-4dcc-a68c-65a6dabada41,AL,2,946b1c6d-9602-49c2-9e41-76a8da8db0fa,Machine Operator EG,scraper,Southwire,53.20,47.20,near_fit,2,job_family_compatibility,moderate_fit,1
1acc87cc-a94b-4a42-9e66-8da9ff99f56f,CO,2,bd04aa5e-2928-4847-9744-1547a1ab34f1,Material Handler - Forklift / Warehouse Operator,scraper,Ball Corporation,52.87,46.87,near_fit,2,job_family_compatibility,moderate_fit,1
20c63037-d2da-4e1d-b1ed-3bf116b8e111,AR,2,c1557174-f263-4b94-acae-541575223397,Field Service Technician - HVAC/Cooling,scraper,Schneider Electric,51.71,45.71,near_fit,2,job_family_compatibility,moderate_fit,1
20c63037-d2da-4e1d-b1ed-3bf116b8e111,AR,2,b5eb6630-f8fa-4f4b-8b46-df30db6d53b0,Field Service Representative,scraper,Schneider Electric,51.12,45.12,near_fit,2,job_family_compatibility,moderate_fit,2
218ad730-708a-4d71-a0aa-81b998f2e6da,AZ,2,392f14b7-7f5d-4e24-a95c-91318ad5e80b,Field Service Representative - HVAC/Cooling,scraper,Schneider Electric,57.71,51.71,near_fit,1,required_credential_compatibility,moderate_fit,1
218ad730-708a-4d71-a0aa-81b998f2e6da,AZ,2,abb0d5f2-47b2-4d88-99e3-319caef8a27c,Manufacturing Cell Lead (2nd Shift),scraper,Schneider Electric,15.31,21.31,ineligible,1,job_family_compatibility,low_fit,2
218ad730-708a-4d71-a0aa-81b998f2e6da,AZ,2,95614908-a096-4942-98c5-186ebfeb031f,HVAC-Electrical Technician,seed,Southwest Electric & HVAC,52.99,46.99,near_fit,2,job_family_compatibility,moderate_fit,3
218ad730-708a-4d71-a0aa-81b998f2e6da,AZ,2,5b7de9fd-608f-4751-bf57-ea7f12da966f,Continuous Improvement Leader,scraper,Schneider Electric,49.55,43.55,near_fit,2,job_family_compatibility,moderate_fit,4
22156308-4c69-42af-9fd8-5e2d99d7dca4,CA,2,ee7da4c4-6f75-482f-a406-24c03d68ca9a,Electrical Apprentice,seed,Pacific Grid Services,53.84,42.84,near_fit,2,job_family_compatibility,moderate_fit,1
22156308-4c69-42af-9fd8-5e2d99d7dca4,CA,2,53f24894-9291-47ae-8284-33c3ab646baa,Service Specialist II,scraper,Schneider Electric,51.22,45.22,near_fit,2,job_family_compatibility,moderate_fit,2
22156308-4c69-42af-9fd8-5e2d99d7dca4,CA,2,2815b44e-d2c8-4e28-8d97-62127318d2bd,Residential Electrician,seed,Bay Area Electrical Contractors,48.94,42.94,near_fit,2,job_family_compatibility,moderate_fit,3
22156308-4c69-42af-9fd8-5e2d99d7dca4,CA,2,904fbc7d-d495-48f0-a82f-e47f7edb8c44,Electrician — Journey Level,seed,Pacific Grid Services,18.21,19.21,ineligible,2,job_family_compatibility,low_fit,4
22156308-4c69-42af-9fd8-5e2d99d7dca4,CA,2,fd5e0d1f-84b6-4d22-a957-63fdf5b36602,Industrial Electrician Technician,scraper,Ball Corporation,53.31,47.31,near_fit,3,job_family_compatibility,moderate_fit,5
22156308-4c69-42af-9fd8-5e2d99d7dca4,CA,2,8289f495-863f-4244-af82-0f40d2122358,Powerline Technician - Lineman - Underground,scraper,Southwire,46.74,40.74,near_fit,3,job_family_compatibility,moderate_fit,6
24cd9453-2c08-4b79-92c2-18ee372862a0,IL,2,fcace57a-06c3-4e68-8e04-6b1157ecad61,BMS Service Account Executive,scraper,Schneider Electric,54.20,48.20,near_fit,2,seniority_compatibility,moderate_fit,1
25296944-3616-4e89-9da2-4fc8a427d2e7,HI,1,e59950c8-3322-4281-a0b4-a3cdcef0c8af,Material Handler,scraper,Ball Corporation,51.74,45.74,near_fit,2,job_family_compatibility,moderate_fit,1
27de0eb1-3a70-484b-9735-43420f941d52,AZ,2,abb0d5f2-47b2-4d88-99e3-319caef8a27c,Manufacturing Cell Lead (2nd Shift),scraper,Schneider Electric,19.51,25.51,ineligible,0,,low_fit,1
27de0eb1-3a70-484b-9735-43420f941d52,AZ,2,95614908-a096-4942-98c5-186ebfeb031f,HVAC-Electrical Technician,seed,Southwest Electric & HVAC,63.76,57.76,near_fit,1,seniority_compatibility,good_fit,2
27de0eb1-3a70-484b-9735-43420f941d52,AZ,2,5b7de9fd-608f-4751-bf57-ea7f12da966f,Continuous Improvement Leader,scraper,Schneider Electric,59.04,53.04,near_fit,1,seniority_compatibility,moderate_fit,3
27de0eb1-3a70-484b-9735-43420f941d52,AZ,2,392f14b7-7f5d-4e24-a95c-91318ad5e80b,Field Service Representative - HVAC/Cooling,scraper,Schneider Electric,49.42,43.42,near_fit,2,job_family_compatibility,moderate_fit,4
28bb5446-a5ba-4191-84b0-d1b0678c4c9c,AL,1,946b1c6d-9602-49c2-9e41-76a8da8db0fa,Machine Operator EG,scraper,Southwire,52.07,46.07,near_fit,2,job_family_compatibility,moderate_fit,1
28bb5446-a5ba-4191-84b0-d1b0678c4c9c,AL,1,334c520d-9f9d-4ba6-b719-3ba479d79642,Warehouse Associate Manufacturing II,scraper,Southwire,52.04,46.04,near_fit,3,job_family_compatibility,moderate_fit,2
290c1172-b1a7-4198-ba34-9d7735bd9dec,CA,2,ee7da4c4-6f75-482f-a406-24c03d68ca9a,Electrical Apprentice,seed,Pacific Grid Services,66.30,55.30,near_fit,1,required_credential_compatibility,good_fit,1
290c1172-b1a7-4198-ba34-9d7735bd9dec,CA,2,2815b44e-d2c8-4e28-8d97-62127318d2bd,Residential Electrician,seed,Bay Area Electrical Contractors,59.96,53.96,near_fit,1,required_credential_compatibility,moderate_fit,2
290c1172-b1a7-4198-ba34-9d7735bd9dec,CA,2,904fbc7d-d495-48f0-a82f-e47f7edb8c44,Electrician — Journey Level,seed,Pacific Grid Services,23.27,24.27,ineligible,1,seniority_compatibility,low_fit,3
290c1172-b1a7-4198-ba34-9d7735bd9dec,CA,2,fd5e0d1f-84b6-4d22-a957-63fdf5b36602,Industrial Electrician Technician,scraper,Ball Corporation,62.55,56.55,near_fit,2,seniority_compatibility,good_fit,4
290c1172-b1a7-4198-ba34-9d7735bd9dec,CA,2,8289f495-863f-4244-af82-0f40d2122358,Powerline Technician - Lineman - Underground,scraper,Southwire,55.89,49.89,near_fit,2,seniority_compatibility,moderate_fit,5
290c1172-b1a7-4198-ba34-9d7735bd9dec,CA,2,53f24894-9291-47ae-8284-33c3ab646baa,Service Specialist II,scraper,Schneider Electric,51.71,45.71,near_fit,2,job_family_compatibility,moderate_fit,6
2a5098f7-9c93-4868-83d2-fc5036d68e45,CA,2,ee7da4c4-6f75-482f-a406-24c03d68ca9a,Electrical Apprentice,seed,Pacific Grid Services,66.30,55.30,near_fit,1,required_credential_compatibility,good_fit,1
2a5098f7-9c93-4868-83d2-fc5036d68e45,CA,2,2815b44e-d2c8-4e28-8d97-62127318d2bd,Residential Electrician,seed,Bay Area Electrical Contractors,59.96,53.96,near_fit,1,required_credential_compatibility,moderate_fit,2
2a5098f7-9c93-4868-83d2-fc5036d68e45,CA,2,904fbc7d-d495-48f0-a82f-e47f7edb8c44,Electrician — Journey Level,seed,Pacific Grid Services,23.27,24.27,ineligible,1,seniority_compatibility,low_fit,3
2a5098f7-9c93-4868-83d2-fc5036d68e45,CA,2,fd5e0d1f-84b6-4d22-a957-63fdf5b36602,Industrial Electrician Technician,scraper,Ball Corporation,62.55,56.55,near_fit,2,seniority_compatibility,good_fit,4
2a5098f7-9c93-4868-83d2-fc5036d68e45,CA,2,8289f495-863f-4244-af82-0f40d2122358,Powerline Technician - Lineman - Underground,scraper,Southwire,55.89,49.89,near_fit,2,seniority_compatibility,moderate_fit,5
2a5098f7-9c93-4868-83d2-fc5036d68e45,CA,2,53f24894-9291-47ae-8284-33c3ab646baa,Service Specialist II,scraper,Schneider Electric,51.71,45.71,near_fit,2,job_family_compatibility,moderate_fit,6
2adc42af-0ff0-47e9-b165-07060a24bbde,IA,2,ad9ace0a-35e9-4b3a-945f-ea189fa9909a,High Voltage Technician III,scraper,GE Vernova,15.95,21.95,ineligible,2,job_family_compatibility,low_fit,1
2b6fbf0e-dab4-41c7-a8cb-adc7e46efef0,AK,1,c94f3763-7c07-414c-9f9c-c1b8f9280c7a,"Lead Senior Wind Hub Technician - Fire Island (Anchorage, AK)",scraper,GE Vernova,15.17,21.17,ineligible,2,job_family_compatibility,low_fit,1
2bb1744e-1c33-4d34-b4ca-f8511a9b3dbd,AZ,2,398da005-863a-485c-a972-f555fcc71f5e,Field Service Representative - Drives/Industry,scraper,Schneider Electric,52.95,46.95,near_fit,1,job_family_compatibility,moderate_fit,1
2bb1744e-1c33-4d34-b4ca-f8511a9b3dbd,AZ,2,cc8866c0-fd8c-4ec4-8c76-6d222ef7b305,Quality Inspector,scraper,Schneider Electric,51.14,45.14,near_fit,1,job_family_compatibility,moderate_fit,2
2bb1744e-1c33-4d34-b4ca-f8511a9b3dbd,AZ,2,f11111cd-0177-4bbc-a032-82cde1e21e4c,Quality Inspector,scraper,Schneider Electric,51.14,45.14,near_fit,1,job_family_compatibility,moderate_fit,3
2bb1744e-1c33-4d34-b4ca-f8511a9b3dbd,AZ,2,ced66e0d-fea0-4c45-a6b0-03b0c7d3993c,Production Supervisor,scraper,Schneider Electric,15.16,21.16,ineligible,1,job_family_compatibility,low_fit,4
2bb1744e-1c33-4d34-b4ca-f8511a9b3dbd,AZ,2,f39b2b0c-778f-47c5-8f6d-4b9353db57a6,Field Service Representative,scraper,Schneider Electric,50.62,44.62,near_fit,2,job_family_compatibility,moderate_fit,5
2bb1744e-1c33-4d34-b4ca-f8511a9b3dbd,AZ,2,707c18e2-5cba-4985-8dd6-26b3a8a60a95,Maintenance Mechanic,scraper,Ball Corporation,51.35,45.35,near_fit,3,job_family_compatibility,moderate_fit,6
2cc54ddb-c447-43a5-a739-7ea42081d289,IL,2,fcace57a-06c3-4e68-8e04-6b1157ecad61,BMS Service Account Executive,scraper,Schneider Electric,54.20,48.20,near_fit,2,seniority_compatibility,moderate_fit,1
2da4749b-4e2a-42e7-9c25-6da94e098001,AZ,2,abb0d5f2-47b2-4d88-99e3-319caef8a27c,Manufacturing Cell Lead (2nd Shift),scraper,Schneider Electric,15.31,21.31,ineligible,1,job_family_compatibility,low_fit,1
2da4749b-4e2a-42e7-9c25-6da94e098001,AZ,2,95614908-a096-4942-98c5-186ebfeb031f,HVAC-Electrical Technician,seed,Southwest Electric & HVAC,53.20,47.20,near_fit,2,job_family_compatibility,moderate_fit,2
2da4749b-4e2a-42e7-9c25-6da94e098001,AZ,2,392f14b7-7f5d-4e24-a95c-91318ad5e80b,Field Service Representative - HVAC/Cooling,scraper,Schneider Electric,51.87,45.87,near_fit,2,job_family_compatibility,moderate_fit,3
2da4749b-4e2a-42e7-9c25-6da94e098001,AZ,2,5b7de9fd-608f-4751-bf57-ea7f12da966f,Continuous Improvement Leader,scraper,Schneider Electric,49.55,43.55,near_fit,2,job_family_compatibility,moderate_fit,4
2e2ac9f7-f852-4ad5-9285-c0910f4b1cab,CA,2,ee7da4c4-6f75-482f-a406-24c03d68ca9a,Electrical Apprentice,seed,Pacific Grid Services,53.84,42.84,near_fit,2,job_family_compatibility,moderate_fit,1
2e2ac9f7-f852-4ad5-9285-c0910f4b1cab,CA,2,53f24894-9291-47ae-8284-33c3ab646baa,Service Specialist II,scraper,Schneider Electric,51.71,45.71,near_fit,2,job_family_compatibility,moderate_fit,2
2e2ac9f7-f852-4ad5-9285-c0910f4b1cab,CA,2,2815b44e-d2c8-4e28-8d97-62127318d2bd,Residential Electrician,seed,Bay Area Electrical Contractors,48.94,42.94,near_fit,2,job_family_compatibility,moderate_fit,3
2e2ac9f7-f852-4ad5-9285-c0910f4b1cab,CA,2,904fbc7d-d495-48f0-a82f-e47f7edb8c44,Electrician — Journey Level,seed,Pacific Grid Services,18.21,19.21,ineligible,2,job_family_compatibility,low_fit,4
2e2ac9f7-f852-4ad5-9285-c0910f4b1cab,CA,2,fd5e0d1f-84b6-4d22-a957-63fdf5b36602,Industrial Electrician Technician,scraper,Ball Corporation,53.31,47.31,near_fit,3,job_family_compatibility,moderate_fit,5
2e2ac9f7-f852-4ad5-9285-c0910f4b1cab,CA,2,8289f495-863f-4244-af82-0f40d2122358,Powerline Technician - Lineman - Underground,scraper,Southwire,46.74,40.74,near_fit,3,job_family_compatibility,moderate_fit,6
2e857d1b-1881-4ffc-ae2b-136f11202c05,ID,1,b02f1e6a-a061-457e-bc5d-4660236b7507,"Wind Hub Technician - Idaho 1 (Idaho Falls, ID)",scraper,GE Vernova,50.69,44.69,near_fit,3,job_family_compatibility,moderate_fit,1
2f4e572c-979e-490c-be92-043dc7be40b1,HI,2,e59950c8-3322-4281-a0b4-a3cdcef0c8af,Material Handler,scraper,Ball Corporation,52.37,46.37,near_fit,2,job_family_compatibility,moderate_fit,1
2f827f61-4b26-463f-962b-bbd1753bdda5,AR,2,c1557174-f263-4b94-acae-541575223397,Field Service Technician - HVAC/Cooling,scraper,Schneider Electric,51.71,45.71,near_fit,2,job_family_compatibility,moderate_fit,1
2f827f61-4b26-463f-962b-bbd1753bdda5,AR,2,b5eb6630-f8fa-4f4b-8b46-df30db6d53b0,Field Service Representative,scraper,Schneider Electric,51.12,45.12,near_fit,2,job_family_compatibility,moderate_fit,2
2fdb5d2c-3674-4dae-b155-cc397bdff698,ID,1,b02f1e6a-a061-457e-bc5d-4660236b7507,"Wind Hub Technician - Idaho 1 (Idaho Falls, ID)",scraper,GE Vernova,50.69,44.69,near_fit,3,job_family_compatibility,moderate_fit,1
304141bd-f4a1-4125-aa9b-480b2c0a2c70,ID,1,b02f1e6a-a061-457e-bc5d-4660236b7507,"Wind Hub Technician - Idaho 1 (Idaho Falls, ID)",scraper,GE Vernova,47.10,41.10,near_fit,3,job_family_compatibility,moderate_fit,1
304d1083-602b-49b0-bef2-e1765c547b11,CO,1,bd04aa5e-2928-4847-9744-1547a1ab34f1,Material Handler - Forklift / Warehouse Operator,scraper,Ball Corporation,51.74,45.74,near_fit,2,job_family_compatibility,moderate_fit,1
304d1083-602b-49b0-bef2-e1765c547b11,CO,1,55ca320c-2898-40a9-9512-907c637508ab,Field Service Representative - Power Distribution/Electrical,scraper,Schneider Electric,50.00,44.00,near_fit,2,job_family_compatibility,moderate_fit,2
304d1083-602b-49b0-bef2-e1765c547b11,CO,1,a2db9942-94b5-4f01-a5a2-61dee26618be,Production Technician,scraper,Ball Corporation,52.41,46.41,near_fit,3,job_family_compatibility,moderate_fit,3
304d1083-602b-49b0-bef2-e1765c547b11,CO,1,acc8ba1f-b40a-40d5-bff8-d3513f34e44c,Machinist,scraper,Ball Corporation,52.19,46.19,near_fit,3,job_family_compatibility,moderate_fit,4
304d1083-602b-49b0-bef2-e1765c547b11,CO,1,b5a26d13-3f56-4004-8591-56c1e66fae5b,"Wind Hub Technician - CO LW (Grover, CO Area)",scraper,GE Vernova,48.87,42.87,near_fit,3,job_family_compatibility,moderate_fit,5
30760552-132d-4a52-8886-2db28f511bf9,AL,2,946b1c6d-9602-49c2-9e41-76a8da8db0fa,Machine Operator EG,scraper,Southwire,53.20,47.20,near_fit,2,job_family_compatibility,moderate_fit,1
30760552-132d-4a52-8886-2db28f511bf9,AL,2,334c520d-9f9d-4ba6-b719-3ba479d79642,Warehouse Associate Manufacturing II,scraper,Southwire,52.63,46.63,near_fit,3,job_family_compatibility,moderate_fit,2
3179e5f7-b2e6-4721-9251-44dd4b051ed4,FL,2,0cf3e86d-7b7b-49b5-b0e7-95f732a9356b,Service Representative - ASCO - Miami,scraper,Schneider Electric,60.28,54.28,near_fit,1,required_credential_compatibility,good_fit,1
3179e5f7-b2e6-4721-9251-44dd4b051ed4,FL,2,d6ce56c8-37c1-4825-9f1c-6a380cc955c6,Service Representative - ASCO - Tallahassee,scraper,Schneider Electric,60.28,54.28,near_fit,1,required_credential_compatibility,good_fit,2
32335f81-cd64-4ef0-a6ca-f1a4c8e1d5f9,GA,2,f598393a-49cf-4330-97e9-3febf3c6614a,HVAC Installer - 2nd Shift (Apprenticeship Program),employer_created,Acme Industrial,66.64,55.64,near_fit,1,required_credential_compatibility,good_fit,1
32335f81-cd64-4ef0-a6ca-f1a4c8e1d5f9,GA,2,aa9c7ad9-821b-405c-8099-64057cbf133a,System Specialist II,scraper,Schneider Electric,60.25,54.25,near_fit,1,seniority_compatibility,good_fit,2
32335f81-cd64-4ef0-a6ca-f1a4c8e1d5f9,GA,2,619f163a-21a4-402f-ab9c-510eb8b05894,Field Service Technician - HVAC/Cooling,scraper,Schneider Electric,57.70,51.70,near_fit,1,required_credential_compatibility,moderate_fit,3
32335f81-cd64-4ef0-a6ca-f1a4c8e1d5f9,GA,2,84ee4830-5a83-48d2-8872-a5a40e7f329b,Field Service Technician - HVAC/Cooling,scraper,Schneider Electric,57.70,51.70,near_fit,1,required_credential_compatibility,moderate_fit,4
32335f81-cd64-4ef0-a6ca-f1a4c8e1d5f9,GA,2,d2b5bb83-b02b-43d9-9075-87bcffd426ba,System Specialist III,scraper,Schneider Electric,15.12,21.12,ineligible,1,job_family_compatibility,low_fit,5
32335f81-cd64-4ef0-a6ca-f1a4c8e1d5f9,GA,2,6c0c32de-720f-468e-9db4-98fcf35d3476,System Specialist II,scraper,Schneider Electric,51.75,45.75,near_fit,2,job_family_compatibility,moderate_fit,6
32335f81-cd64-4ef0-a6ca-f1a4c8e1d5f9,GA,2,7be0d8c5-61fb-42e0-85e2-e57eaa3c8c92,Building Automation Technician II,scraper,Schneider Electric,51.36,45.36,near_fit,2,job_family_compatibility,moderate_fit,7
32335f81-cd64-4ef0-a6ca-f1a4c8e1d5f9,GA,2,092dfb2b-ff27-4d1b-aa53-8719e5b2f01e,System Specialist I,scraper,Schneider Electric,51.25,45.25,near_fit,2,job_family_compatibility,moderate_fit,8
32335f81-cd64-4ef0-a6ca-f1a4c8e1d5f9,GA,2,784960ea-8969-447d-935d-2a0e711996d6,System Specialist II,scraper,Schneider Electric,51.25,45.25,near_fit,2,job_family_compatibility,moderate_fit,9
32335f81-cd64-4ef0-a6ca-f1a4c8e1d5f9,GA,2,9089b0d0-9bcc-4423-9a86-9ec534a5f15a,Building Automation Technician II,scraper,Schneider Electric,51.25,45.25,near_fit,2,job_family_compatibility,moderate_fit,10
32335f81-cd64-4ef0-a6ca-f1a4c8e1d5f9,GA,2,91897402-de57-4dab-9099-843ecbb624b3,System Specialist I,scraper,Schneider Electric,51.25,45.25,near_fit,2,job_family_compatibility,moderate_fit,11
32335f81-cd64-4ef0-a6ca-f1a4c8e1d5f9,GA,2,bd562210-99d4-4bde-8780-2e54953bf3dd,System Specialist II,scraper,Schneider Electric,51.25,45.25,near_fit,2,job_family_compatibility,moderate_fit,12
32335f81-cd64-4ef0-a6ca-f1a4c8e1d5f9,GA,2,6e0cf920-9cdc-40a1-a692-9191c7cde9f1,Welder,scraper,GE Vernova,52.38,46.38,near_fit,3,job_family_compatibility,moderate_fit,13
32335f81-cd64-4ef0-a6ca-f1a4c8e1d5f9,GA,2,1bf0ac7a-e529-4e85-9cdb-5bea8e082fd1,Electronic Technician,scraper,Southwire,50.36,44.36,near_fit,3,job_family_compatibility,moderate_fit,14
32335f81-cd64-4ef0-a6ca-f1a4c8e1d5f9,GA,2,34db19d2-d22c-420b-9ca4-3a0b96da2fae,"Technician, Electronic",scraper,Southwire,50.30,44.30,near_fit,3,job_family_compatibility,moderate_fit,15
33eb825a-500a-42ad-99a2-9f68b83a829b,AK,1,c94f3763-7c07-414c-9f9c-c1b8f9280c7a,"Lead Senior Wind Hub Technician - Fire Island (Anchorage, AK)",scraper,GE Vernova,15.17,21.17,ineligible,2,job_family_compatibility,low_fit,1
34121909-51c1-4e8a-b05e-df3c815254e0,CO,2,bd04aa5e-2928-4847-9744-1547a1ab34f1,Material Handler - Forklift / Warehouse Operator,scraper,Ball Corporation,52.87,46.87,near_fit,2,job_family_compatibility,moderate_fit,1
365134e6-a46e-4597-b497-960744a84b2f,HI,1,e59950c8-3322-4281-a0b4-a3cdcef0c8af,Material Handler,scraper,Ball Corporation,51.74,45.74,near_fit,2,job_family_compatibility,moderate_fit,1
3669d4b0-cf0b-4671-8d99-ac40050ed5f6,AL,1,946b1c6d-9602-49c2-9e41-76a8da8db0fa,Machine Operator EG,scraper,Southwire,52.07,46.07,near_fit,2,job_family_compatibility,moderate_fit,1
3669d4b0-cf0b-4671-8d99-ac40050ed5f6,AL,1,334c520d-9f9d-4ba6-b719-3ba479d79642,Warehouse Associate Manufacturing II,scraper,Southwire,52.04,46.04,near_fit,3,job_family_compatibility,moderate_fit,2
37d7b90e-d381-491a-94c1-33124b4e2641,CA,2,ee7da4c4-6f75-482f-a406-24c03d68ca9a,Electrical Apprentice,seed,Pacific Grid Services,53.84,42.84,near_fit,2,job_family_compatibility,moderate_fit,1
37d7b90e-d381-491a-94c1-33124b4e2641,CA,2,53f24894-9291-47ae-8284-33c3ab646baa,Service Specialist II,scraper,Schneider Electric,51.22,45.22,near_fit,2,job_family_compatibility,moderate_fit,2
37d7b90e-d381-491a-94c1-33124b4e2641,CA,2,2815b44e-d2c8-4e28-8d97-62127318d2bd,Residential Electrician,seed,Bay Area Electrical Contractors,48.94,42.94,near_fit,2,job_family_compatibility,moderate_fit,3
37d7b90e-d381-491a-94c1-33124b4e2641,CA,2,904fbc7d-d495-48f0-a82f-e47f7edb8c44,Electrician — Journey Level,seed,Pacific Grid Services,18.21,19.21,ineligible,2,job_family_compatibility,low_fit,4
37d7b90e-d381-491a-94c1-33124b4e2641,CA,2,fd5e0d1f-84b6-4d22-a957-63fdf5b36602,Industrial Electrician Technician,scraper,Ball Corporation,53.31,47.31,near_fit,3,job_family_compatibility,moderate_fit,5
37d7b90e-d381-491a-94c1-33124b4e2641,CA,2,8289f495-863f-4244-af82-0f40d2122358,Powerline Technician - Lineman - Underground,scraper,Southwire,46.74,40.74,near_fit,3,job_family_compatibility,moderate_fit,6
38ef1b67-0c0f-4620-868d-1607ea4e0a3a,AR,2,c1557174-f263-4b94-acae-541575223397,Field Service Technician - HVAC/Cooling,scraper,Schneider Electric,60.27,54.27,near_fit,1,seniority_compatibility,good_fit,1
38f20a55-5c0c-4874-a3a0-2ae22958d0d3,IL,1,261a3edb-0c61-4e40-9158-f20534009c48,"Hourly Production Team Member - Temporary Full Time - Chicago, IL",scraper,Ford Motor Company,50.67,44.67,near_fit,2,job_family_compatibility,moderate_fit,1
38f20a55-5c0c-4874-a3a0-2ae22958d0d3,IL,1,fc5c1942-f214-48df-971b-7037fe3e837b,Warehouse Specialist,scraper,Southwire,47.04,41.04,near_fit,2,job_family_compatibility,moderate_fit,2
38f20a55-5c0c-4874-a3a0-2ae22958d0d3,IL,1,49901a3c-4bf5-43a9-95ff-55190786efcd,Field Service Representative,scraper,Schneider Electric,46.44,40.44,near_fit,2,job_family_compatibility,moderate_fit,3
38f20a55-5c0c-4874-a3a0-2ae22958d0d3,IL,1,73c15577-8c61-4e8c-9320-8d11d8918722,Systems Field Service Representative - Chicago,scraper,Schneider Electric,46.44,40.44,near_fit,2,job_family_compatibility,moderate_fit,4
38f20a55-5c0c-4874-a3a0-2ae22958d0d3,IL,1,268dd605-3bff-4563-ab00-de5ff47358a1,Field Service Representative,scraper,Schneider Electric,46.41,40.41,near_fit,2,job_family_compatibility,moderate_fit,5
38f20a55-5c0c-4874-a3a0-2ae22958d0d3,IL,1,738888d5-42a6-46d6-a8f2-415f663dda9f,Field Service Representative - Secure Power/Electronic,scraper,Schneider Electric,46.41,40.41,near_fit,2,job_family_compatibility,moderate_fit,6
38f20a55-5c0c-4874-a3a0-2ae22958d0d3,IL,1,fcace57a-06c3-4e68-8e04-6b1157ecad61,BMS Service Account Executive,scraper,Schneider Electric,46.40,40.40,near_fit,3,job_family_compatibility,moderate_fit,7
39691ea7-8b68-4481-bb93-90520bd729d5,AK,2,c94f3763-7c07-414c-9f9c-c1b8f9280c7a,"Lead Senior Wind Hub Technician - Fire Island (Anchorage, AK)",scraper,GE Vernova,15.82,21.82,ineligible,2,job_family_compatibility,low_fit,1
3a55d28f-3d59-40d8-9630-390ff42f9395,AK,1,c94f3763-7c07-414c-9f9c-c1b8f9280c7a,"Lead Senior Wind Hub Technician - Fire Island (Anchorage, AK)",scraper,GE Vernova,15.17,21.17,ineligible,2,job_family_compatibility,low_fit,1
3ab857af-02b6-48f0-b51a-bddb1899bb70,AL,2,334c520d-9f9d-4ba6-b719-3ba479d79642,Warehouse Associate Manufacturing II,scraper,Southwire,52.63,46.63,near_fit,3,job_family_compatibility,moderate_fit,1
3ae8070e-16c1-4ae9-85dc-f843a6800c24,AR,2,c1557174-f263-4b94-acae-541575223397,Field Service Technician - HVAC/Cooling,scraper,Schneider Electric,51.71,45.71,near_fit,2,job_family_compatibility,moderate_fit,1
3c34472b-3247-43cd-99a0-dde867dbde1e,GA,1,dde856d5-1a5e-449a-b28c-c621262d2fdb,Field Service Technician I,scraper,Schneider Electric,50.81,44.81,near_fit,1,job_family_compatibility,moderate_fit,1
3c34472b-3247-43cd-99a0-dde867dbde1e,GA,1,d2b5bb83-b02b-43d9-9075-87bcffd426ba,System Specialist III,scraper,Schneider Electric,14.83,20.83,ineligible,1,job_family_compatibility,low_fit,2
3c34472b-3247-43cd-99a0-dde867dbde1e,GA,1,f598393a-49cf-4330-97e9-3febf3c6614a,HVAC Installer - 2nd Shift (Apprenticeship Program),employer_created,Acme Industrial,55.93,44.93,near_fit,2,job_family_compatibility,moderate_fit,3
3c34472b-3247-43cd-99a0-dde867dbde1e,GA,1,7a1ae3c5-44c0-4580-9860-6066b81571a6,CNC Industrial Machine Operator,scraper,Delta Air Lines,53.73,47.73,near_fit,2,job_family_compatibility,moderate_fit,4
3c34472b-3247-43cd-99a0-dde867dbde1e,GA,1,88fed694-ea9b-4bfa-a0e3-7edf70bcfc1a,Materials Handler,scraper,Southwire,52.04,46.04,near_fit,2,job_family_compatibility,moderate_fit,5
3c34472b-3247-43cd-99a0-dde867dbde1e,GA,1,07217a0b-d6bf-4e3f-a895-d81309df4cf2,Aircraft Mtc Surface Coat Technician,scraper,Delta Air Lines,51.96,45.96,near_fit,2,job_family_compatibility,moderate_fit,6
3c34472b-3247-43cd-99a0-dde867dbde1e,GA,1,7589aba9-4d64-4d0f-83dc-238301e9777a,AMT - Avionics - Component Maintenance,scraper,Delta Air Lines,51.62,45.62,near_fit,2,job_family_compatibility,moderate_fit,7
3c34472b-3247-43cd-99a0-dde867dbde1e,GA,1,01811a18-2fb7-4c0a-a7e0-15143caaf65e,Ground Maintenance Mechanic (Stationary) - ATL,scraper,Delta Air Lines,51.38,45.38,near_fit,2,job_family_compatibility,moderate_fit,8
3c34472b-3247-43cd-99a0-dde867dbde1e,GA,1,219d497c-2d8d-4ea1-bfd1-da18bc79a201,Aircraft Support Mechanic,scraper,Delta Air Lines,51.38,45.38,near_fit,2,job_family_compatibility,moderate_fit,9
3c34472b-3247-43cd-99a0-dde867dbde1e,GA,1,c2caf92c-6f39-4f8f-987a-817169014ab5,Aircraft Support Mechanic,scraper,Delta Air Lines,51.38,45.38,near_fit,2,job_family_compatibility,moderate_fit,10
3c34472b-3247-43cd-99a0-dde867dbde1e,GA,1,88be611e-8df7-464a-91a3-fbaa826c984f,Ground Maintenance Mechanic (Motorized) - ATL,scraper,Delta Air Lines,51.31,45.31,near_fit,2,job_family_compatibility,moderate_fit,11
3c34472b-3247-43cd-99a0-dde867dbde1e,GA,1,5ed09f56-d309-4c8d-9513-b28283aba939,Machinist,scraper,GE Vernova,51.27,45.27,near_fit,2,job_family_compatibility,moderate_fit,12
3c34472b-3247-43cd-99a0-dde867dbde1e,GA,1,51b5fe5a-552b-48f1-8dd9-c51a3c65fbde,Aircraft Maintenance Technician 2,scraper,Delta Air Lines,51.21,45.21,near_fit,2,job_family_compatibility,moderate_fit,13
3c34472b-3247-43cd-99a0-dde867dbde1e,GA,1,129030bc-0db8-4ed9-b4c0-25583cbef1ba,Field Service Technician,scraper,Schneider Electric,50.74,44.74,near_fit,2,job_family_compatibility,moderate_fit,14
3c34472b-3247-43cd-99a0-dde867dbde1e,GA,1,619f163a-21a4-402f-ab9c-510eb8b05894,Field Service Technician - HVAC/Cooling,scraper,Schneider Electric,50.74,44.74,near_fit,2,job_family_compatibility,moderate_fit,15
3c34472b-3247-43cd-99a0-dde867dbde1e,GA,1,84ee4830-5a83-48d2-8872-a5a40e7f329b,Field Service Technician - HVAC/Cooling,scraper,Schneider Electric,50.74,44.74,near_fit,2,job_family_compatibility,moderate_fit,16
3c34472b-3247-43cd-99a0-dde867dbde1e,GA,1,7be0d8c5-61fb-42e0-85e2-e57eaa3c8c92,Building Automation Technician II,scraper,Schneider Electric,50.73,44.73,near_fit,2,job_family_compatibility,moderate_fit,17
3c34472b-3247-43cd-99a0-dde867dbde1e,GA,1,23cc0d4f-2f56-4972-9c03-5b87c1ff0806,Hourly Warehouse Team Member - Temporary Full-Time - Atlanta HVC (PS&L),employer_import,Ford Motor Company,50.67,44.67,near_fit,2,job_family_compatibility,moderate_fit,18
3c34472b-3247-43cd-99a0-dde867dbde1e,GA,1,092dfb2b-ff27-4d1b-aa53-8719e5b2f01e,System Specialist I,scraper,Schneider Electric,50.63,44.63,near_fit,2,job_family_compatibility,moderate_fit,19
3c34472b-3247-43cd-99a0-dde867dbde1e,GA,1,6c0c32de-720f-468e-9db4-98fcf35d3476,System Specialist II,scraper,Schneider Electric,50.63,44.63,near_fit,2,job_family_compatibility,moderate_fit,20
3c34472b-3247-43cd-99a0-dde867dbde1e,GA,1,784960ea-8969-447d-935d-2a0e711996d6,System Specialist II,scraper,Schneider Electric,50.63,44.63,near_fit,2,job_family_compatibility,moderate_fit,21
3c34472b-3247-43cd-99a0-dde867dbde1e,GA,1,9089b0d0-9bcc-4423-9a86-9ec534a5f15a,Building Automation Technician II,scraper,Schneider Electric,50.63,44.63,near_fit,2,job_family_compatibility,moderate_fit,22
3c34472b-3247-43cd-99a0-dde867dbde1e,GA,1,91897402-de57-4dab-9099-843ecbb624b3,System Specialist I,scraper,Schneider Electric,50.63,44.63,near_fit,2,job_family_compatibility,moderate_fit,23
3c34472b-3247-43cd-99a0-dde867dbde1e,GA,1,aa9c7ad9-821b-405c-8099-64057cbf133a,System Specialist II,scraper,Schneider Electric,50.63,44.63,near_fit,2,job_family_compatibility,moderate_fit,24
3c34472b-3247-43cd-99a0-dde867dbde1e,GA,1,bd562210-99d4-4bde-8780-2e54953bf3dd,System Specialist II,scraper,Schneider Electric,50.63,44.63,near_fit,2,job_family_compatibility,moderate_fit,25
3c34472b-3247-43cd-99a0-dde867dbde1e,GA,1,2d4478e8-6572-4cea-9bed-ebb35b0452ad,Field Service Representative - Secure Power/Electronic,scraper,Schneider Electric,50.00,44.00,near_fit,2,job_family_compatibility,moderate_fit,26
3c34472b-3247-43cd-99a0-dde867dbde1e,GA,1,4e19e54f-bbc8-4fd7-b592-eec1b5dd3bb6,Field Service Representative - Power Distribution/Electrical,scraper,Schneider Electric,50.00,44.00,near_fit,2,job_family_compatibility,moderate_fit,27
3c34472b-3247-43cd-99a0-dde867dbde1e,GA,1,a25b80fb-8867-4bcf-a7f1-659b46569740,Field Service Representative I,scraper,Schneider Electric,50.00,44.00,near_fit,2,job_family_compatibility,moderate_fit,28
3c34472b-3247-43cd-99a0-dde867dbde1e,GA,1,a73a1c20-1806-418a-93c9-d8d84fa23ae3,Field Service Representative I,scraper,Schneider Electric,50.00,44.00,near_fit,2,job_family_compatibility,moderate_fit,29
3c34472b-3247-43cd-99a0-dde867dbde1e,GA,1,c98f5980-0f8d-4ab0-8c1e-0b16113ef018,Field Service Representative - Power Distribution/Electrical,scraper,Schneider Electric,50.00,44.00,near_fit,2,job_family_compatibility,moderate_fit,30
3c34472b-3247-43cd-99a0-dde867dbde1e,GA,1,dbcdcc74-0ea5-4c37-ad66-1bbc27f2fd34,Field Service Representative I,scraper,Schneider Electric,50.00,44.00,near_fit,2,job_family_compatibility,moderate_fit,31
3c34472b-3247-43cd-99a0-dde867dbde1e,GA,1,dd301bdc-0e82-4e98-9e14-57c8247c0260,Field Service Representative - Power Distribution/Electrical,scraper,Schneider Electric,50.00,44.00,near_fit,2,job_family_compatibility,moderate_fit,32
3c34472b-3247-43cd-99a0-dde867dbde1e,GA,1,2713d0f9-14c5-40f6-b6d4-8c648816908e,Production Technician,scraper,Ball Corporation,52.49,46.49,near_fit,3,job_family_compatibility,moderate_fit,33
3c34472b-3247-43cd-99a0-dde867dbde1e,GA,1,6b516d60-f9b8-449c-a7f4-b4a140372932,Order Filler,scraper,Southwire,52.22,46.22,near_fit,3,job_family_compatibility,moderate_fit,34
3c34472b-3247-43cd-99a0-dde867dbde1e,GA,1,3a49304e-d302-4423-a97a-4f65ef8ac44d,Machinist millwright,scraper,Ball Corporation,52.19,46.19,near_fit,3,job_family_compatibility,moderate_fit,35
3c34472b-3247-43cd-99a0-dde867dbde1e,GA,1,050f299a-3320-4e53-91aa-e93418d2ab99,Buncher Operator II,employer_import,Southwire,52.07,46.07,near_fit,3,job_family_compatibility,moderate_fit,36
3c34472b-3247-43cd-99a0-dde867dbde1e,GA,1,7b12cd8f-f67a-4e7c-8890-2a3b1edbe2b7,Extruder Operator II (2nd Shift),employer_import,Southwire,52.07,46.07,near_fit,3,job_family_compatibility,moderate_fit,37
3c34472b-3247-43cd-99a0-dde867dbde1e,GA,1,d2b34f76-7d66-4bee-bcb0-269bbb7d0f75,Take-up Operator I,scraper,Southwire,52.07,46.07,near_fit,3,job_family_compatibility,moderate_fit,38
3c34472b-3247-43cd-99a0-dde867dbde1e,GA,1,0336a541-1cd7-4970-b181-33a30857fa4c,Armoring Machine Operator,scraper,Southwire,52.04,46.04,near_fit,3,job_family_compatibility,moderate_fit,39
3c34472b-3247-43cd-99a0-dde867dbde1e,GA,1,609a49ef-4f83-4ef1-a315-0debfc1faa16,"Operator, Take Up I",scraper,Southwire,52.04,46.04,near_fit,3,job_family_compatibility,moderate_fit,40
3c34472b-3247-43cd-99a0-dde867dbde1e,GA,1,67b5286c-436e-453c-aefb-acc7d5793715,Armoring Machine Operator,employer_import,Southwire,52.04,46.04,near_fit,3,job_family_compatibility,moderate_fit,41
3c34472b-3247-43cd-99a0-dde867dbde1e,GA,1,8e1eb9a8-1dea-4839-8b5b-98dcc8d257e9,Machinist I,scraper,Southwire,52.04,46.04,near_fit,3,job_family_compatibility,moderate_fit,42
3c34472b-3247-43cd-99a0-dde867dbde1e,GA,1,92590e54-154b-4c57-bb63-9474a07ed6f7,Warehouse Associate Manufacturing II,scraper,Southwire,52.04,46.04,near_fit,3,job_family_compatibility,moderate_fit,43
3c34472b-3247-43cd-99a0-dde867dbde1e,GA,1,97e3ae11-f613-41dd-adca-c8d1e4d5cdaa,"Operator, Take Up I",scraper,Southwire,52.04,46.04,near_fit,3,job_family_compatibility,moderate_fit,44
3c34472b-3247-43cd-99a0-dde867dbde1e,GA,1,bf6b4bf7-bb1c-4622-ba58-0f138afba361,Warehouse Associate Manufacturing II,scraper,Southwire,52.04,46.04,near_fit,3,job_family_compatibility,moderate_fit,45
3c34472b-3247-43cd-99a0-dde867dbde1e,GA,1,c5c038f7-28c1-4d3d-8c12-933878644fc1,Warehouse Associate Manufacturing II,scraper,Southwire,52.04,46.04,near_fit,3,job_family_compatibility,moderate_fit,46
3c34472b-3247-43cd-99a0-dde867dbde1e,GA,1,dd3d814c-135d-4c3a-9dfc-fd6607803797,Armoring Machine Operator,scraper,Southwire,52.04,46.04,near_fit,3,job_family_compatibility,moderate_fit,47
3c34472b-3247-43cd-99a0-dde867dbde1e,GA,1,2f35d354-c982-4f31-b4fe-ea388c7854ae,"Operator, Extruder II",scraper,Southwire,52.01,46.01,near_fit,3,job_family_compatibility,moderate_fit,48
3c34472b-3247-43cd-99a0-dde867dbde1e,GA,1,3ecaaebf-ef87-4111-bb8d-13ee3cdabd7b,Extruder Operator II,scraper,Southwire,52.01,46.01,near_fit,3,job_family_compatibility,moderate_fit,49
3c34472b-3247-43cd-99a0-dde867dbde1e,GA,1,6a2fad85-24bd-4ef0-96c2-b87f6416fc5c,"Operator, Drawing I",scraper,Southwire,52.01,46.01,near_fit,3,job_family_compatibility,moderate_fit,50
3c5b874a-6fa0-44a0-84e4-f11ad888005d,IA,2,8e06db2f-46d1-4c95-9260-54d0d5bf7939,Production Operator,scraper,Schneider Electric,54.84,48.84,near_fit,2,job_family_compatibility,moderate_fit,1
3c5b874a-6fa0-44a0-84e4-f11ad888005d,IA,2,ee77e28f-dc40-4a0f-92eb-f49562febe70,Manufacturing Production Worker,scraper,Schneider Electric,51.80,45.80,near_fit,2,job_family_compatibility,moderate_fit,2
3c5b874a-6fa0-44a0-84e4-f11ad888005d,IA,2,ad9ace0a-35e9-4b3a-945f-ea189fa9909a,High Voltage Technician III,scraper,GE Vernova,15.69,21.69,ineligible,2,job_family_compatibility,low_fit,3
3c5b874a-6fa0-44a0-84e4-f11ad888005d,IA,2,df73ef56-a006-40de-ba19-b61ebe2c0704,Manufacturing Production Worker,scraper,Schneider Electric,53.35,47.35,near_fit,3,job_family_compatibility,moderate_fit,4
3c5b874a-6fa0-44a0-84e4-f11ad888005d,IA,2,31d4ed44-8500-44fe-8e98-8926fa2dc95a,Quality Technician - 2nd Shift,scraper,Schneider Electric,49.84,43.84,near_fit,3,job_family_compatibility,moderate_fit,5
3c5b874a-6fa0-44a0-84e4-f11ad888005d,IA,2,a739d570-4a41-4688-a355-cfa5fc8a8192,Quality Technician - 3rd Shift,scraper,Schneider Electric,49.84,43.84,near_fit,3,job_family_compatibility,moderate_fit,6
3df237ab-3009-4672-a32b-49af24e66001,AR,2,c1557174-f263-4b94-acae-541575223397,Field Service Technician - HVAC/Cooling,scraper,Schneider Electric,51.71,45.71,near_fit,2,job_family_compatibility,moderate_fit,1
3df237ab-3009-4672-a32b-49af24e66001,AR,2,b5eb6630-f8fa-4f4b-8b46-df30db6d53b0,Field Service Representative,scraper,Schneider Electric,51.12,45.12,near_fit,2,job_family_compatibility,moderate_fit,2
3fdcdee7-bd67-4547-b8af-614d37751ee8,HI,2,e59950c8-3322-4281-a0b4-a3cdcef0c8af,Material Handler,scraper,Ball Corporation,52.87,46.87,near_fit,2,job_family_compatibility,moderate_fit,1
413db1a3-b22b-4743-a74f-9e565894cefe,CO,1,bd04aa5e-2928-4847-9744-1547a1ab34f1,Material Handler - Forklift / Warehouse Operator,scraper,Ball Corporation,51.74,45.74,near_fit,2,job_family_compatibility,moderate_fit,1
413db1a3-b22b-4743-a74f-9e565894cefe,CO,1,55ca320c-2898-40a9-9512-907c637508ab,Field Service Representative - Power Distribution/Electrical,scraper,Schneider Electric,50.00,44.00,near_fit,2,job_family_compatibility,moderate_fit,2
413db1a3-b22b-4743-a74f-9e565894cefe,CO,1,a2db9942-94b5-4f01-a5a2-61dee26618be,Production Technician,scraper,Ball Corporation,52.41,46.41,near_fit,3,job_family_compatibility,moderate_fit,3
413db1a3-b22b-4743-a74f-9e565894cefe,CO,1,acc8ba1f-b40a-40d5-bff8-d3513f34e44c,Machinist,scraper,Ball Corporation,52.19,46.19,near_fit,3,job_family_compatibility,moderate_fit,4
413db1a3-b22b-4743-a74f-9e565894cefe,CO,1,b5a26d13-3f56-4004-8591-56c1e66fae5b,"Wind Hub Technician - CO LW (Grover, CO Area)",scraper,GE Vernova,51.31,45.31,near_fit,3,job_family_compatibility,moderate_fit,5
420d961c-cdbd-4ca9-9ec6-0041113b83bb,CA,2,ee7da4c4-6f75-482f-a406-24c03d68ca9a,Electrical Apprentice,seed,Pacific Grid Services,53.84,42.84,near_fit,2,job_family_compatibility,moderate_fit,1
420d961c-cdbd-4ca9-9ec6-0041113b83bb,CA,2,53f24894-9291-47ae-8284-33c3ab646baa,Service Specialist II,scraper,Schneider Electric,51.22,45.22,near_fit,2,job_family_compatibility,moderate_fit,2
420d961c-cdbd-4ca9-9ec6-0041113b83bb,CA,2,2815b44e-d2c8-4e28-8d97-62127318d2bd,Residential Electrician,seed,Bay Area Electrical Contractors,48.94,42.94,near_fit,2,job_family_compatibility,moderate_fit,3
420d961c-cdbd-4ca9-9ec6-0041113b83bb,CA,2,904fbc7d-d495-48f0-a82f-e47f7edb8c44,Electrician — Journey Level,seed,Pacific Grid Services,18.21,19.21,ineligible,2,job_family_compatibility,low_fit,4
420d961c-cdbd-4ca9-9ec6-0041113b83bb,CA,2,fd5e0d1f-84b6-4d22-a957-63fdf5b36602,Industrial Electrician Technician,scraper,Ball Corporation,53.31,47.31,near_fit,3,job_family_compatibility,moderate_fit,5
420d961c-cdbd-4ca9-9ec6-0041113b83bb,CA,2,8289f495-863f-4244-af82-0f40d2122358,Powerline Technician - Lineman - Underground,scraper,Southwire,46.74,40.74,near_fit,3,job_family_compatibility,moderate_fit,6
42443d29-5332-4cb4-81f0-77a8f172c356,IL,2,fc5c1942-f214-48df-971b-7037fe3e837b,Warehouse Specialist,scraper,Southwire,53.16,47.16,near_fit,2,job_family_compatibility,moderate_fit,1
426da132-38a9-4f5b-b25d-eff4fe3c17b3,GA,2,dde856d5-1a5e-449a-b28c-c621262d2fdb,Field Service Technician I,scraper,Schneider Electric,79.25,73.25,eligible,0,,good_fit,1
426da132-38a9-4f5b-b25d-eff4fe3c17b3,GA,2,88fed694-ea9b-4bfa-a0e3-7edf70bcfc1a,Materials Handler,scraper,Southwire,53.16,47.16,near_fit,2,job_family_compatibility,moderate_fit,2
426da132-38a9-4f5b-b25d-eff4fe3c17b3,GA,2,219d497c-2d8d-4ea1-bfd1-da18bc79a201,Aircraft Support Mechanic,scraper,Delta Air Lines,52.50,46.50,near_fit,2,job_family_compatibility,moderate_fit,3
426da132-38a9-4f5b-b25d-eff4fe3c17b3,GA,2,c2caf92c-6f39-4f8f-987a-817169014ab5,Aircraft Support Mechanic,scraper,Delta Air Lines,52.50,46.50,near_fit,2,job_family_compatibility,moderate_fit,4
426da132-38a9-4f5b-b25d-eff4fe3c17b3,GA,2,6b516d60-f9b8-449c-a7f4-b4a140372932,Order Filler,scraper,Southwire,53.35,47.35,near_fit,3,job_family_compatibility,moderate_fit,5
426da132-38a9-4f5b-b25d-eff4fe3c17b3,GA,2,92590e54-154b-4c57-bb63-9474a07ed6f7,Warehouse Associate Manufacturing II,scraper,Southwire,53.16,47.16,near_fit,3,job_family_compatibility,moderate_fit,6
426da132-38a9-4f5b-b25d-eff4fe3c17b3,GA,2,bf6b4bf7-bb1c-4622-ba58-0f138afba361,Warehouse Associate Manufacturing II,scraper,Southwire,53.16,47.16,near_fit,3,job_family_compatibility,moderate_fit,7
426da132-38a9-4f5b-b25d-eff4fe3c17b3,GA,2,c5c038f7-28c1-4d3d-8c12-933878644fc1,Warehouse Associate Manufacturing II,scraper,Southwire,53.16,47.16,near_fit,3,job_family_compatibility,moderate_fit,8
426da132-38a9-4f5b-b25d-eff4fe3c17b3,GA,2,6e0cf920-9cdc-40a1-a692-9191c7cde9f1,Welder,scraper,GE Vernova,52.38,46.38,near_fit,3,job_family_compatibility,moderate_fit,9
43b309c6-1925-451f-995d-9aba621da247,GA,2,d2b5bb83-b02b-43d9-9075-87bcffd426ba,System Specialist III,scraper,Schneider Electric,15.28,21.28,ineligible,1,job_family_compatibility,low_fit,1
43b309c6-1925-451f-995d-9aba621da247,GA,2,1bf0ac7a-e529-4e85-9cdb-5bea8e082fd1,Electronic Technician,scraper,Southwire,59.69,53.69,near_fit,2,seniority_compatibility,moderate_fit,2
43b309c6-1925-451f-995d-9aba621da247,GA,2,34db19d2-d22c-420b-9ca4-3a0b96da2fae,"Technician, Electronic",scraper,Southwire,59.63,53.63,near_fit,2,seniority_compatibility,moderate_fit,3
43b309c6-1925-451f-995d-9aba621da247,GA,2,f598393a-49cf-4330-97e9-3febf3c6614a,HVAC Installer - 2nd Shift (Apprenticeship Program),employer_created,Acme Industrial,57.06,46.06,near_fit,2,job_family_compatibility,moderate_fit,4
43b309c6-1925-451f-995d-9aba621da247,GA,2,7be0d8c5-61fb-42e0-85e2-e57eaa3c8c92,Building Automation Technician II,scraper,Schneider Electric,51.70,45.70,near_fit,2,job_family_compatibility,moderate_fit,5
43b309c6-1925-451f-995d-9aba621da247,GA,2,6c0c32de-720f-468e-9db4-98fcf35d3476,System Specialist II,scraper,Schneider Electric,51.62,45.62,near_fit,2,job_family_compatibility,moderate_fit,6
43b309c6-1925-451f-995d-9aba621da247,GA,2,092dfb2b-ff27-4d1b-aa53-8719e5b2f01e,System Specialist I,scraper,Schneider Electric,51.59,45.59,near_fit,2,job_family_compatibility,moderate_fit,7
43b309c6-1925-451f-995d-9aba621da247,GA,2,784960ea-8969-447d-935d-2a0e711996d6,System Specialist II,scraper,Schneider Electric,51.59,45.59,near_fit,2,job_family_compatibility,moderate_fit,8
43b309c6-1925-451f-995d-9aba621da247,GA,2,9089b0d0-9bcc-4423-9a86-9ec534a5f15a,Building Automation Technician II,scraper,Schneider Electric,51.59,45.59,near_fit,2,job_family_compatibility,moderate_fit,9
43b309c6-1925-451f-995d-9aba621da247,GA,2,91897402-de57-4dab-9099-843ecbb624b3,System Specialist I,scraper,Schneider Electric,51.59,45.59,near_fit,2,job_family_compatibility,moderate_fit,10
43b309c6-1925-451f-995d-9aba621da247,GA,2,aa9c7ad9-821b-405c-8099-64057cbf133a,System Specialist II,scraper,Schneider Electric,51.59,45.59,near_fit,2,job_family_compatibility,moderate_fit,11
43b309c6-1925-451f-995d-9aba621da247,GA,2,bd562210-99d4-4bde-8780-2e54953bf3dd,System Specialist II,scraper,Schneider Electric,51.59,45.59,near_fit,2,job_family_compatibility,moderate_fit,12
43b309c6-1925-451f-995d-9aba621da247,GA,2,619f163a-21a4-402f-ab9c-510eb8b05894,Field Service Technician - HVAC/Cooling,scraper,Schneider Electric,49.38,43.38,near_fit,2,job_family_compatibility,moderate_fit,13
43b309c6-1925-451f-995d-9aba621da247,GA,2,84ee4830-5a83-48d2-8872-a5a40e7f329b,Field Service Technician - HVAC/Cooling,scraper,Schneider Electric,49.38,43.38,near_fit,2,job_family_compatibility,moderate_fit,14
43b309c6-1925-451f-995d-9aba621da247,GA,2,6e0cf920-9cdc-40a1-a692-9191c7cde9f1,Welder,scraper,GE Vernova,52.38,46.38,near_fit,3,job_family_compatibility,moderate_fit,15
4524100a-5683-4110-8bde-30ecdffe5c41,HI,2,e59950c8-3322-4281-a0b4-a3cdcef0c8af,Material Handler,scraper,Ball Corporation,52.87,46.87,near_fit,2,job_family_compatibility,moderate_fit,1
46d18eeb-b892-4fc0-a9f5-5ec438545254,FL,2,0cf3e86d-7b7b-49b5-b0e7-95f732a9356b,Service Representative - ASCO - Miami,scraper,Schneider Electric,51.16,45.16,near_fit,2,job_family_compatibility,moderate_fit,1
46d18eeb-b892-4fc0-a9f5-5ec438545254,FL,2,d6ce56c8-37c1-4825-9f1c-6a380cc955c6,Service Representative - ASCO - Tallahassee,scraper,Schneider Electric,51.16,45.16,near_fit,2,job_family_compatibility,moderate_fit,2
48a2980f-5925-4bda-8968-068558fc8d1f,AZ,2,abb0d5f2-47b2-4d88-99e3-319caef8a27c,Manufacturing Cell Lead (2nd Shift),scraper,Schneider Electric,15.32,21.32,ineligible,1,job_family_compatibility,low_fit,1
48a2980f-5925-4bda-8968-068558fc8d1f,AZ,2,95614908-a096-4942-98c5-186ebfeb031f,HVAC-Electrical Technician,seed,Southwest Electric & HVAC,52.99,46.99,near_fit,2,job_family_compatibility,moderate_fit,2
48a2980f-5925-4bda-8968-068558fc8d1f,AZ,2,392f14b7-7f5d-4e24-a95c-91318ad5e80b,Field Service Representative - HVAC/Cooling,scraper,Schneider Electric,52.09,46.09,near_fit,2,job_family_compatibility,moderate_fit,3
48a2980f-5925-4bda-8968-068558fc8d1f,AZ,2,5b7de9fd-608f-4751-bf57-ea7f12da966f,Continuous Improvement Leader,scraper,Schneider Electric,49.79,43.79,near_fit,2,job_family_compatibility,moderate_fit,4
4b81b671-5dfb-4550-bfee-9a46b780467e,ID,1,b02f1e6a-a061-457e-bc5d-4660236b7507,"Wind Hub Technician - Idaho 1 (Idaho Falls, ID)",scraper,GE Vernova,50.69,44.69,near_fit,3,job_family_compatibility,moderate_fit,1
4b9d73b5-255d-49e8-af2e-08993e9c5dea,IL,2,fcace57a-06c3-4e68-8e04-6b1157ecad61,BMS Service Account Executive,scraper,Schneider Electric,49.25,43.25,near_fit,3,job_family_compatibility,moderate_fit,1
4bfaa687-3ef7-41ce-8c41-0898e9c7d346,CO,2,bd04aa5e-2928-4847-9744-1547a1ab34f1,Material Handler - Forklift / Warehouse Operator,scraper,Ball Corporation,52.37,46.37,near_fit,2,job_family_compatibility,moderate_fit,1
4e1066b5-5ce8-4095-98b9-863f4dae1900,CA,2,ee7da4c4-6f75-482f-a406-24c03d68ca9a,Electrical Apprentice,seed,Pacific Grid Services,57.30,46.30,near_fit,2,job_family_compatibility,moderate_fit,1
4e1066b5-5ce8-4095-98b9-863f4dae1900,CA,2,2815b44e-d2c8-4e28-8d97-62127318d2bd,Residential Electrician,seed,Bay Area Electrical Contractors,50.96,44.96,near_fit,2,job_family_compatibility,moderate_fit,2
4e1066b5-5ce8-4095-98b9-863f4dae1900,CA,2,904fbc7d-d495-48f0-a82f-e47f7edb8c44,Electrician — Journey Level,seed,Pacific Grid Services,18.21,19.21,ineligible,2,job_family_compatibility,low_fit,3
4e1066b5-5ce8-4095-98b9-863f4dae1900,CA,2,fd5e0d1f-84b6-4d22-a957-63fdf5b36602,Industrial Electrician Technician,scraper,Ball Corporation,53.55,47.55,near_fit,3,job_family_compatibility,moderate_fit,4
4e1066b5-5ce8-4095-98b9-863f4dae1900,CA,2,8289f495-863f-4244-af82-0f40d2122358,Powerline Technician - Lineman - Underground,scraper,Southwire,47.11,41.11,near_fit,3,job_family_compatibility,moderate_fit,5
4f5d0509-905e-4788-b905-cd43c198f0be,AZ,2,abb0d5f2-47b2-4d88-99e3-319caef8a27c,Manufacturing Cell Lead (2nd Shift),scraper,Schneider Electric,19.51,25.51,ineligible,0,,low_fit,1
4f5d0509-905e-4788-b905-cd43c198f0be,AZ,2,95614908-a096-4942-98c5-186ebfeb031f,HVAC-Electrical Technician,seed,Southwest Electric & HVAC,63.76,57.76,near_fit,1,seniority_compatibility,good_fit,2
4f5d0509-905e-4788-b905-cd43c198f0be,AZ,2,5b7de9fd-608f-4751-bf57-ea7f12da966f,Continuous Improvement Leader,scraper,Schneider Electric,59.04,53.04,near_fit,1,seniority_compatibility,moderate_fit,3
4f5d0509-905e-4788-b905-cd43c198f0be,AZ,2,392f14b7-7f5d-4e24-a95c-91318ad5e80b,Field Service Representative - HVAC/Cooling,scraper,Schneider Electric,49.42,43.42,near_fit,2,job_family_compatibility,moderate_fit,4
508d1a33-62b2-4bb3-a50a-8123398d197d,AL,2,946b1c6d-9602-49c2-9e41-76a8da8db0fa,Machine Operator EG,scraper,Southwire,53.20,47.20,near_fit,2,job_family_compatibility,moderate_fit,1
520b7501-aa21-43e6-ad5b-88f794f4f066,AL,2,946b1c6d-9602-49c2-9e41-76a8da8db0fa,Machine Operator EG,scraper,Southwire,53.20,47.20,near_fit,2,job_family_compatibility,moderate_fit,1
520e3aeb-182e-4c92-9068-7188956403c8,AL,1,946b1c6d-9602-49c2-9e41-76a8da8db0fa,Machine Operator EG,scraper,Southwire,52.07,46.07,near_fit,2,job_family_compatibility,moderate_fit,1
520e3aeb-182e-4c92-9068-7188956403c8,AL,1,334c520d-9f9d-4ba6-b719-3ba479d79642,Warehouse Associate Manufacturing II,scraper,Southwire,52.04,46.04,near_fit,3,job_family_compatibility,moderate_fit,2
5252bd29-ea71-4d17-96c2-722769d1daac,FL,2,0cf3e86d-7b7b-49b5-b0e7-95f732a9356b,Service Representative - ASCO - Miami,scraper,Schneider Electric,51.16,45.16,near_fit,2,job_family_compatibility,moderate_fit,1
5252bd29-ea71-4d17-96c2-722769d1daac,FL,2,d6ce56c8-37c1-4825-9f1c-6a380cc955c6,Service Representative - ASCO - Tallahassee,scraper,Schneider Electric,51.16,45.16,near_fit,2,job_family_compatibility,moderate_fit,2
5316dffb-9407-414b-bed2-88e3dd851165,IL,2,fcace57a-06c3-4e68-8e04-6b1157ecad61,BMS Service Account Executive,scraper,Schneider Electric,54.20,48.20,near_fit,2,seniority_compatibility,moderate_fit,1
53a789fc-e5f5-479d-9913-513e4efd0a6e,AR,2,c1557174-f263-4b94-acae-541575223397,Field Service Technician - HVAC/Cooling,scraper,Schneider Electric,51.71,45.71,near_fit,2,job_family_compatibility,moderate_fit,1
53a789fc-e5f5-479d-9913-513e4efd0a6e,AR,2,b5eb6630-f8fa-4f4b-8b46-df30db6d53b0,Field Service Representative,scraper,Schneider Electric,51.12,45.12,near_fit,2,job_family_compatibility,moderate_fit,2
54efc792-8e73-462d-9e49-2201d5a1cb6a,ID,2,b02f1e6a-a061-457e-bc5d-4660236b7507,"Wind Hub Technician - Idaho 1 (Idaho Falls, ID)",scraper,GE Vernova,51.81,45.81,near_fit,3,job_family_compatibility,moderate_fit,1
580afdf3-d52e-4d97-8acb-d0dc25055426,IL,2,fc5c1942-f214-48df-971b-7037fe3e837b,Warehouse Specialist,scraper,Southwire,53.16,47.16,near_fit,2,job_family_compatibility,moderate_fit,1
58e895d6-78ef-488b-8397-ed39462e1f88,FL,2,0cf3e86d-7b7b-49b5-b0e7-95f732a9356b,Service Representative - ASCO - Miami,scraper,Schneider Electric,51.16,45.16,near_fit,2,job_family_compatibility,moderate_fit,1
58e895d6-78ef-488b-8397-ed39462e1f88,FL,2,d6ce56c8-37c1-4825-9f1c-6a380cc955c6,Service Representative - ASCO - Tallahassee,scraper,Schneider Electric,51.16,45.16,near_fit,2,job_family_compatibility,moderate_fit,2
5933933c-3089-4969-acda-3ddd681d6398,ID,1,b02f1e6a-a061-457e-bc5d-4660236b7507,"Wind Hub Technician - Idaho 1 (Idaho Falls, ID)",scraper,GE Vernova,47.10,41.10,near_fit,3,job_family_compatibility,moderate_fit,1
599e96de-4c49-4865-9b9e-27e9e211f411,ID,1,b02f1e6a-a061-457e-bc5d-4660236b7507,"Wind Hub Technician - Idaho 1 (Idaho Falls, ID)",scraper,GE Vernova,50.69,44.69,near_fit,3,job_family_compatibility,moderate_fit,1
5a361607-1716-4472-aa01-1fef768cbe2a,IA,2,8e06db2f-46d1-4c95-9260-54d0d5bf7939,Production Operator,scraper,Schneider Electric,54.84,48.84,near_fit,2,job_family_compatibility,moderate_fit,1
5a361607-1716-4472-aa01-1fef768cbe2a,IA,2,ee77e28f-dc40-4a0f-92eb-f49562febe70,Manufacturing Production Worker,scraper,Schneider Electric,51.80,45.80,near_fit,2,job_family_compatibility,moderate_fit,2
5a361607-1716-4472-aa01-1fef768cbe2a,IA,2,ad9ace0a-35e9-4b3a-945f-ea189fa9909a,High Voltage Technician III,scraper,GE Vernova,15.69,21.69,ineligible,2,job_family_compatibility,low_fit,3
5a361607-1716-4472-aa01-1fef768cbe2a,IA,2,df73ef56-a006-40de-ba19-b61ebe2c0704,Manufacturing Production Worker,scraper,Schneider Electric,53.35,47.35,near_fit,3,job_family_compatibility,moderate_fit,4
5a361607-1716-4472-aa01-1fef768cbe2a,IA,2,31d4ed44-8500-44fe-8e98-8926fa2dc95a,Quality Technician - 2nd Shift,scraper,Schneider Electric,49.84,43.84,near_fit,3,job_family_compatibility,moderate_fit,5
5a361607-1716-4472-aa01-1fef768cbe2a,IA,2,a739d570-4a41-4688-a355-cfa5fc8a8192,Quality Technician - 3rd Shift,scraper,Schneider Electric,49.84,43.84,near_fit,3,job_family_compatibility,moderate_fit,6
5a82a27c-427f-40a1-865b-9c42624b0fed,HI,1,e59950c8-3322-4281-a0b4-a3cdcef0c8af,Material Handler,scraper,Ball Corporation,51.74,45.74,near_fit,2,job_family_compatibility,moderate_fit,1
5a862800-ce0f-43e8-b78f-4999e6b74127,FL,2,0cf3e86d-7b7b-49b5-b0e7-95f732a9356b,Service Representative - ASCO - Miami,scraper,Schneider Electric,60.28,54.28,near_fit,1,required_credential_compatibility,good_fit,1
5a862800-ce0f-43e8-b78f-4999e6b74127,FL,2,d6ce56c8-37c1-4825-9f1c-6a380cc955c6,Service Representative - ASCO - Tallahassee,scraper,Schneider Electric,60.28,54.28,near_fit,1,required_credential_compatibility,good_fit,2
5aa7d74f-f3d8-4616-994e-9e6f85711cee,ID,1,b02f1e6a-a061-457e-bc5d-4660236b7507,"Wind Hub Technician - Idaho 1 (Idaho Falls, ID)",scraper,GE Vernova,50.69,44.69,near_fit,3,job_family_compatibility,moderate_fit,1
5afdc79d-81e4-4420-a8f0-3d3c0e36081c,ID,1,b02f1e6a-a061-457e-bc5d-4660236b7507,"Wind Hub Technician - Idaho 1 (Idaho Falls, ID)",scraper,GE Vernova,47.10,41.10,near_fit,3,job_family_compatibility,moderate_fit,1
5b87ee80-08ab-4634-8e20-826b6c7a063c,CA,2,ee7da4c4-6f75-482f-a406-24c03d68ca9a,Electrical Apprentice,seed,Pacific Grid Services,66.30,55.30,near_fit,1,required_credential_compatibility,good_fit,1
5b87ee80-08ab-4634-8e20-826b6c7a063c,CA,2,2815b44e-d2c8-4e28-8d97-62127318d2bd,Residential Electrician,seed,Bay Area Electrical Contractors,59.96,53.96,near_fit,1,required_credential_compatibility,moderate_fit,2
5b87ee80-08ab-4634-8e20-826b6c7a063c,CA,2,904fbc7d-d495-48f0-a82f-e47f7edb8c44,Electrician — Journey Level,seed,Pacific Grid Services,23.27,24.27,ineligible,1,seniority_compatibility,low_fit,3
5b87ee80-08ab-4634-8e20-826b6c7a063c,CA,2,fd5e0d1f-84b6-4d22-a957-63fdf5b36602,Industrial Electrician Technician,scraper,Ball Corporation,62.55,56.55,near_fit,2,seniority_compatibility,good_fit,4
5b87ee80-08ab-4634-8e20-826b6c7a063c,CA,2,8289f495-863f-4244-af82-0f40d2122358,Powerline Technician - Lineman - Underground,scraper,Southwire,55.89,49.89,near_fit,2,seniority_compatibility,moderate_fit,5
5b87ee80-08ab-4634-8e20-826b6c7a063c,CA,2,53f24894-9291-47ae-8284-33c3ab646baa,Service Specialist II,scraper,Schneider Electric,51.71,45.71,near_fit,2,job_family_compatibility,moderate_fit,6
5cfc4dc3-802c-4d4f-9dba-08669c6c793c,ID,1,b02f1e6a-a061-457e-bc5d-4660236b7507,"Wind Hub Technician - Idaho 1 (Idaho Falls, ID)",scraper,GE Vernova,47.10,41.10,near_fit,3,job_family_compatibility,moderate_fit,1
5de757b8-5a37-4a18-9bcc-8237afa26b79,IA,1,8e06db2f-46d1-4c95-9260-54d0d5bf7939,Production Operator,scraper,Schneider Electric,53.71,47.71,near_fit,2,job_family_compatibility,moderate_fit,1
5de757b8-5a37-4a18-9bcc-8237afa26b79,IA,1,ee77e28f-dc40-4a0f-92eb-f49562febe70,Manufacturing Production Worker,scraper,Schneider Electric,50.67,44.67,near_fit,2,job_family_compatibility,moderate_fit,2
5de757b8-5a37-4a18-9bcc-8237afa26b79,IA,1,ad9ace0a-35e9-4b3a-945f-ea189fa9909a,High Voltage Technician III,scraper,GE Vernova,15.16,21.16,ineligible,2,job_family_compatibility,low_fit,3
5de757b8-5a37-4a18-9bcc-8237afa26b79,IA,1,df73ef56-a006-40de-ba19-b61ebe2c0704,Manufacturing Production Worker,scraper,Schneider Electric,52.22,46.22,near_fit,3,job_family_compatibility,moderate_fit,4
5de757b8-5a37-4a18-9bcc-8237afa26b79,IA,1,31d4ed44-8500-44fe-8e98-8926fa2dc95a,Quality Technician - 2nd Shift,scraper,Schneider Electric,48.72,42.72,near_fit,3,job_family_compatibility,moderate_fit,5
5de757b8-5a37-4a18-9bcc-8237afa26b79,IA,1,a739d570-4a41-4688-a355-cfa5fc8a8192,Quality Technician - 3rd Shift,scraper,Schneider Electric,48.72,42.72,near_fit,3,job_family_compatibility,moderate_fit,6
6065b495-d62c-464c-9f3e-cabe37fff05a,AZ,2,abb0d5f2-47b2-4d88-99e3-319caef8a27c,Manufacturing Cell Lead (2nd Shift),scraper,Schneider Electric,19.51,25.51,ineligible,0,,low_fit,1
6065b495-d62c-464c-9f3e-cabe37fff05a,AZ,2,95614908-a096-4942-98c5-186ebfeb031f,HVAC-Electrical Technician,seed,Southwest Electric & HVAC,63.76,57.76,near_fit,1,seniority_compatibility,good_fit,2
6065b495-d62c-464c-9f3e-cabe37fff05a,AZ,2,5b7de9fd-608f-4751-bf57-ea7f12da966f,Continuous Improvement Leader,scraper,Schneider Electric,59.04,53.04,near_fit,1,seniority_compatibility,moderate_fit,3
6065b495-d62c-464c-9f3e-cabe37fff05a,AZ,2,392f14b7-7f5d-4e24-a95c-91318ad5e80b,Field Service Representative - HVAC/Cooling,scraper,Schneider Electric,49.42,43.42,near_fit,2,job_family_compatibility,moderate_fit,4
607f3be1-0481-433f-a1c2-d877a16a9330,IA,2,8e06db2f-46d1-4c95-9260-54d0d5bf7939,Production Operator,scraper,Schneider Electric,54.84,48.84,near_fit,2,job_family_compatibility,moderate_fit,1
607f3be1-0481-433f-a1c2-d877a16a9330,IA,2,ee77e28f-dc40-4a0f-92eb-f49562febe70,Manufacturing Production Worker,scraper,Schneider Electric,51.80,45.80,near_fit,2,job_family_compatibility,moderate_fit,2
607f3be1-0481-433f-a1c2-d877a16a9330,IA,2,ad9ace0a-35e9-4b3a-945f-ea189fa9909a,High Voltage Technician III,scraper,GE Vernova,15.69,21.69,ineligible,2,job_family_compatibility,low_fit,3
607f3be1-0481-433f-a1c2-d877a16a9330,IA,2,df73ef56-a006-40de-ba19-b61ebe2c0704,Manufacturing Production Worker,scraper,Schneider Electric,53.35,47.35,near_fit,3,job_family_compatibility,moderate_fit,4
607f3be1-0481-433f-a1c2-d877a16a9330,IA,2,31d4ed44-8500-44fe-8e98-8926fa2dc95a,Quality Technician - 2nd Shift,scraper,Schneider Electric,49.84,43.84,near_fit,3,job_family_compatibility,moderate_fit,5
607f3be1-0481-433f-a1c2-d877a16a9330,IA,2,a739d570-4a41-4688-a355-cfa5fc8a8192,Quality Technician - 3rd Shift,scraper,Schneider Electric,49.84,43.84,near_fit,3,job_family_compatibility,moderate_fit,6
61e8e6c6-1a5b-4262-a5e4-8f7cb6816753,AK,1,c94f3763-7c07-414c-9f9c-c1b8f9280c7a,"Lead Senior Wind Hub Technician - Fire Island (Anchorage, AK)",scraper,GE Vernova,13.49,19.49,ineligible,2,job_family_compatibility,low_fit,1
6324f7f0-ba20-4444-bf62-42783a029651,GA,2,07217a0b-d6bf-4e3f-a895-d81309df4cf2,Aircraft Mtc Surface Coat Technician,scraper,Delta Air Lines,53.09,47.09,near_fit,2,job_family_compatibility,moderate_fit,1
6324f7f0-ba20-4444-bf62-42783a029651,GA,2,7589aba9-4d64-4d0f-83dc-238301e9777a,AMT - Avionics - Component Maintenance,scraper,Delta Air Lines,52.75,46.75,near_fit,2,job_family_compatibility,moderate_fit,2
6324f7f0-ba20-4444-bf62-42783a029651,GA,2,01811a18-2fb7-4c0a-a7e0-15143caaf65e,Ground Maintenance Mechanic (Stationary) - ATL,scraper,Delta Air Lines,52.50,46.50,near_fit,2,job_family_compatibility,moderate_fit,3
6324f7f0-ba20-4444-bf62-42783a029651,GA,2,88be611e-8df7-464a-91a3-fbaa826c984f,Ground Maintenance Mechanic (Motorized) - ATL,scraper,Delta Air Lines,52.44,46.44,near_fit,2,job_family_compatibility,moderate_fit,4
6324f7f0-ba20-4444-bf62-42783a029651,GA,2,51b5fe5a-552b-48f1-8dd9-c51a3c65fbde,Aircraft Maintenance Technician 2,scraper,Delta Air Lines,52.34,46.34,near_fit,2,job_family_compatibility,moderate_fit,5
6324f7f0-ba20-4444-bf62-42783a029651,GA,2,23cc0d4f-2f56-4972-9c03-5b87c1ff0806,Hourly Warehouse Team Member - Temporary Full-Time - Atlanta HVC (PS&L),employer_import,Ford Motor Company,51.80,45.80,near_fit,2,job_family_compatibility,moderate_fit,6
6324f7f0-ba20-4444-bf62-42783a029651,GA,2,2d4478e8-6572-4cea-9bed-ebb35b0452ad,Field Service Representative - Secure Power/Electronic,scraper,Schneider Electric,50.60,44.60,near_fit,2,job_family_compatibility,moderate_fit,7
6324f7f0-ba20-4444-bf62-42783a029651,GA,2,4e19e54f-bbc8-4fd7-b592-eec1b5dd3bb6,Field Service Representative - Power Distribution/Electrical,scraper,Schneider Electric,50.60,44.60,near_fit,2,job_family_compatibility,moderate_fit,8
6324f7f0-ba20-4444-bf62-42783a029651,GA,2,a73a1c20-1806-418a-93c9-d8d84fa23ae3,Field Service Representative I,scraper,Schneider Electric,50.60,44.60,near_fit,2,job_family_compatibility,moderate_fit,9
6324f7f0-ba20-4444-bf62-42783a029651,GA,2,c98f5980-0f8d-4ab0-8c1e-0b16113ef018,Field Service Representative - Power Distribution/Electrical,scraper,Schneider Electric,50.60,44.60,near_fit,2,job_family_compatibility,moderate_fit,10
6324f7f0-ba20-4444-bf62-42783a029651,GA,2,dbcdcc74-0ea5-4c37-ad66-1bbc27f2fd34,Field Service Representative I,scraper,Schneider Electric,50.60,44.60,near_fit,2,job_family_compatibility,moderate_fit,11
6324f7f0-ba20-4444-bf62-42783a029651,GA,2,dd301bdc-0e82-4e98-9e14-57c8247c0260,Field Service Representative - Power Distribution/Electrical,scraper,Schneider Electric,50.60,44.60,near_fit,2,job_family_compatibility,moderate_fit,12
6324f7f0-ba20-4444-bf62-42783a029651,GA,2,a25b80fb-8867-4bcf-a7f1-659b46569740,Field Service Representative I,scraper,Schneider Electric,50.59,44.59,near_fit,2,job_family_compatibility,moderate_fit,13
6324f7f0-ba20-4444-bf62-42783a029651,GA,2,5ed09f56-d309-4c8d-9513-b28283aba939,Machinist,scraper,GE Vernova,49.95,43.95,near_fit,2,job_family_compatibility,moderate_fit,14
6324f7f0-ba20-4444-bf62-42783a029651,GA,2,129030bc-0db8-4ed9-b4c0-25583cbef1ba,Field Service Technician,scraper,Schneider Electric,48.70,42.70,near_fit,2,job_family_compatibility,moderate_fit,15
6324f7f0-ba20-4444-bf62-42783a029651,GA,2,2713d0f9-14c5-40f6-b6d4-8c648816908e,Production Technician,scraper,Ball Corporation,53.62,47.62,near_fit,3,job_family_compatibility,moderate_fit,16
6324f7f0-ba20-4444-bf62-42783a029651,GA,2,3a49304e-d302-4423-a97a-4f65ef8ac44d,Machinist millwright,scraper,Ball Corporation,53.31,47.31,near_fit,3,job_family_compatibility,moderate_fit,17
6324f7f0-ba20-4444-bf62-42783a029651,GA,2,050f299a-3320-4e53-91aa-e93418d2ab99,Buncher Operator II,employer_import,Southwire,53.20,47.20,near_fit,3,job_family_compatibility,moderate_fit,18
6324f7f0-ba20-4444-bf62-42783a029651,GA,2,7b12cd8f-f67a-4e7c-8890-2a3b1edbe2b7,Extruder Operator II (2nd Shift),employer_import,Southwire,53.20,47.20,near_fit,3,job_family_compatibility,moderate_fit,19
6324f7f0-ba20-4444-bf62-42783a029651,GA,2,d2b34f76-7d66-4bee-bcb0-269bbb7d0f75,Take-up Operator I,scraper,Southwire,53.20,47.20,near_fit,3,job_family_compatibility,moderate_fit,20
6324f7f0-ba20-4444-bf62-42783a029651,GA,2,0336a541-1cd7-4970-b181-33a30857fa4c,Armoring Machine Operator,scraper,Southwire,53.16,47.16,near_fit,3,job_family_compatibility,moderate_fit,21
6324f7f0-ba20-4444-bf62-42783a029651,GA,2,609a49ef-4f83-4ef1-a315-0debfc1faa16,"Operator, Take Up I",scraper,Southwire,53.16,47.16,near_fit,3,job_family_compatibility,moderate_fit,22
6324f7f0-ba20-4444-bf62-42783a029651,GA,2,67b5286c-436e-453c-aefb-acc7d5793715,Armoring Machine Operator,employer_import,Southwire,53.16,47.16,near_fit,3,job_family_compatibility,moderate_fit,23
6324f7f0-ba20-4444-bf62-42783a029651,GA,2,8e1eb9a8-1dea-4839-8b5b-98dcc8d257e9,Machinist I,scraper,Southwire,53.16,47.16,near_fit,3,job_family_compatibility,moderate_fit,24
6324f7f0-ba20-4444-bf62-42783a029651,GA,2,97e3ae11-f613-41dd-adca-c8d1e4d5cdaa,"Operator, Take Up I",scraper,Southwire,53.16,47.16,near_fit,3,job_family_compatibility,moderate_fit,25
6324f7f0-ba20-4444-bf62-42783a029651,GA,2,dd3d814c-135d-4c3a-9dfc-fd6607803797,Armoring Machine Operator,scraper,Southwire,53.16,47.16,near_fit,3,job_family_compatibility,moderate_fit,26
6324f7f0-ba20-4444-bf62-42783a029651,GA,2,2f35d354-c982-4f31-b4fe-ea388c7854ae,"Operator, Extruder II",scraper,Southwire,53.13,47.13,near_fit,3,job_family_compatibility,moderate_fit,27
6324f7f0-ba20-4444-bf62-42783a029651,GA,2,3ecaaebf-ef87-4111-bb8d-13ee3cdabd7b,Extruder Operator II,scraper,Southwire,53.13,47.13,near_fit,3,job_family_compatibility,moderate_fit,28
6324f7f0-ba20-4444-bf62-42783a029651,GA,2,6a2fad85-24bd-4ef0-96c2-b87f6416fc5c,"Operator, Drawing I",scraper,Southwire,53.13,47.13,near_fit,3,job_family_compatibility,moderate_fit,29
6324f7f0-ba20-4444-bf62-42783a029651,GA,2,e8182e8c-0173-41e3-a046-b8061ff9ee8a,Drawing Operator II,scraper,Southwire,53.13,47.13,near_fit,3,job_family_compatibility,moderate_fit,30
6324f7f0-ba20-4444-bf62-42783a029651,GA,2,6e0cf920-9cdc-40a1-a692-9191c7cde9f1,Welder,scraper,GE Vernova,52.38,46.38,near_fit,3,job_family_compatibility,moderate_fit,31
6324f7f0-ba20-4444-bf62-42783a029651,GA,2,398093d8-ae6f-4f25-9dcc-70d9052d9b05,"Operator, Take Up II",scraper,Southwire,51.40,45.40,near_fit,3,job_family_compatibility,moderate_fit,32
6324f7f0-ba20-4444-bf62-42783a029651,GA,2,3e43d7c9-7084-4ffc-9cc4-26453e4b724f,"Operator, Take Up III",scraper,Southwire,51.40,45.40,near_fit,3,job_family_compatibility,moderate_fit,33
6324f7f0-ba20-4444-bf62-42783a029651,GA,2,43bcc0fb-b9b4-4bb0-9930-0bc29dee7a7f,"Operator, Take Up III",scraper,Southwire,51.40,45.40,near_fit,3,job_family_compatibility,moderate_fit,34
6324f7f0-ba20-4444-bf62-42783a029651,GA,2,94a4ab5c-f9cf-4cce-b4f5-389a4b06484c,Take-up Operator II (2nd Shift),scraper,Southwire,51.40,45.40,near_fit,3,job_family_compatibility,moderate_fit,35
6324f7f0-ba20-4444-bf62-42783a029651,GA,2,eb3167c4-8577-459e-a498-aa9657be0d85,"Operator, Take Up III",scraper,Southwire,51.40,45.40,near_fit,3,job_family_compatibility,moderate_fit,36
6324f7f0-ba20-4444-bf62-42783a029651,GA,2,7a1ae3c5-44c0-4580-9860-6066b81571a6,CNC Industrial Machine Operator,scraper,Delta Air Lines,50.03,44.03,near_fit,3,job_family_compatibility,moderate_fit,37
6324f7f0-ba20-4444-bf62-42783a029651,GA,2,2af28403-0840-4df5-b7b8-36e623e72e53,"Technician, I",scraper,Southwire,48.44,42.44,near_fit,3,job_family_compatibility,moderate_fit,38
6324f7f0-ba20-4444-bf62-42783a029651,GA,2,13323029-09a8-47a1-8b3b-2bf6e4f6137b,"Technician, Maintenance II",scraper,Southwire,48.30,42.30,near_fit,3,job_family_compatibility,moderate_fit,39
6471ecbe-2c39-4e36-a8ab-f4b638f2a143,IL,2,fc5c1942-f214-48df-971b-7037fe3e837b,Warehouse Specialist,scraper,Southwire,53.16,47.16,near_fit,2,job_family_compatibility,moderate_fit,1
67322151-ac08-42a7-b656-f586fdd66f45,AR,1,c1557174-f263-4b94-acae-541575223397,Field Service Technician - HVAC/Cooling,scraper,Schneider Electric,50.59,44.59,near_fit,2,job_family_compatibility,moderate_fit,1
67322151-ac08-42a7-b656-f586fdd66f45,AR,1,b5eb6630-f8fa-4f4b-8b46-df30db6d53b0,Field Service Representative,scraper,Schneider Electric,46.41,40.41,near_fit,2,job_family_compatibility,moderate_fit,2
6771098c-a595-4483-9a76-555e8a198401,HI,2,e59950c8-3322-4281-a0b4-a3cdcef0c8af,Material Handler,scraper,Ball Corporation,52.87,46.87,near_fit,2,job_family_compatibility,moderate_fit,1
677aa35a-3fd6-44a4-ae37-f97e5b8b04b4,GA,2,f598393a-49cf-4330-97e9-3febf3c6614a,HVAC Installer - 2nd Shift (Apprenticeship Program),employer_created,Acme Industrial,66.64,55.64,near_fit,1,required_credential_compatibility,good_fit,1
677aa35a-3fd6-44a4-ae37-f97e5b8b04b4,GA,2,aa9c7ad9-821b-405c-8099-64057cbf133a,System Specialist II,scraper,Schneider Electric,60.25,54.25,near_fit,1,seniority_compatibility,good_fit,2
677aa35a-3fd6-44a4-ae37-f97e5b8b04b4,GA,2,619f163a-21a4-402f-ab9c-510eb8b05894,Field Service Technician - HVAC/Cooling,scraper,Schneider Electric,57.70,51.70,near_fit,1,required_credential_compatibility,moderate_fit,3
677aa35a-3fd6-44a4-ae37-f97e5b8b04b4,GA,2,84ee4830-5a83-48d2-8872-a5a40e7f329b,Field Service Technician - HVAC/Cooling,scraper,Schneider Electric,57.70,51.70,near_fit,1,required_credential_compatibility,moderate_fit,4
677aa35a-3fd6-44a4-ae37-f97e5b8b04b4,GA,2,d2b5bb83-b02b-43d9-9075-87bcffd426ba,System Specialist III,scraper,Schneider Electric,15.12,21.12,ineligible,1,job_family_compatibility,low_fit,5
677aa35a-3fd6-44a4-ae37-f97e5b8b04b4,GA,2,6c0c32de-720f-468e-9db4-98fcf35d3476,System Specialist II,scraper,Schneider Electric,51.75,45.75,near_fit,2,job_family_compatibility,moderate_fit,6
677aa35a-3fd6-44a4-ae37-f97e5b8b04b4,GA,2,7be0d8c5-61fb-42e0-85e2-e57eaa3c8c92,Building Automation Technician II,scraper,Schneider Electric,51.36,45.36,near_fit,2,job_family_compatibility,moderate_fit,7
677aa35a-3fd6-44a4-ae37-f97e5b8b04b4,GA,2,092dfb2b-ff27-4d1b-aa53-8719e5b2f01e,System Specialist I,scraper,Schneider Electric,51.25,45.25,near_fit,2,job_family_compatibility,moderate_fit,8
677aa35a-3fd6-44a4-ae37-f97e5b8b04b4,GA,2,784960ea-8969-447d-935d-2a0e711996d6,System Specialist II,scraper,Schneider Electric,51.25,45.25,near_fit,2,job_family_compatibility,moderate_fit,9
677aa35a-3fd6-44a4-ae37-f97e5b8b04b4,GA,2,9089b0d0-9bcc-4423-9a86-9ec534a5f15a,Building Automation Technician II,scraper,Schneider Electric,51.25,45.25,near_fit,2,job_family_compatibility,moderate_fit,10
677aa35a-3fd6-44a4-ae37-f97e5b8b04b4,GA,2,91897402-de57-4dab-9099-843ecbb624b3,System Specialist I,scraper,Schneider Electric,51.25,45.25,near_fit,2,job_family_compatibility,moderate_fit,11
677aa35a-3fd6-44a4-ae37-f97e5b8b04b4,GA,2,bd562210-99d4-4bde-8780-2e54953bf3dd,System Specialist II,scraper,Schneider Electric,51.25,45.25,near_fit,2,job_family_compatibility,moderate_fit,12
677aa35a-3fd6-44a4-ae37-f97e5b8b04b4,GA,2,6e0cf920-9cdc-40a1-a692-9191c7cde9f1,Welder,scraper,GE Vernova,52.38,46.38,near_fit,3,job_family_compatibility,moderate_fit,13
677aa35a-3fd6-44a4-ae37-f97e5b8b04b4,GA,2,1bf0ac7a-e529-4e85-9cdb-5bea8e082fd1,Electronic Technician,scraper,Southwire,50.36,44.36,near_fit,3,job_family_compatibility,moderate_fit,14
677aa35a-3fd6-44a4-ae37-f97e5b8b04b4,GA,2,34db19d2-d22c-420b-9ca4-3a0b96da2fae,"Technician, Electronic",scraper,Southwire,50.30,44.30,near_fit,3,job_family_compatibility,moderate_fit,15
67d95923-93ca-4d19-bc61-243fbf7268d0,FL,1,f49de743-0a5c-466f-aa6e-85a5e1abb8bf,Field Service Technician,scraper,GE Vernova,54.23,48.23,near_fit,2,job_family_compatibility,moderate_fit,1
67d95923-93ca-4d19-bc61-243fbf7268d0,FL,1,aa811a27-0a08-4d88-a8ac-5eb9574db89b,GE Vernova Project Management Specialist,scraper,GE Vernova,53.81,47.81,near_fit,2,job_family_compatibility,moderate_fit,2
67d95923-93ca-4d19-bc61-243fbf7268d0,FL,1,30461847-21a9-44c4-a4e8-e702395d0552,Field Service Technician-2,scraper,GE Vernova,53.13,47.13,near_fit,2,job_family_compatibility,moderate_fit,3
67d95923-93ca-4d19-bc61-243fbf7268d0,FL,1,4f09ba62-f310-4d0e-820d-c4046877a994,Field Service Technician-1,scraper,GE Vernova,53.13,47.13,near_fit,2,job_family_compatibility,moderate_fit,4
67d95923-93ca-4d19-bc61-243fbf7268d0,FL,1,bc17abfe-738c-446e-b265-c2ab66dc5db5,Material Handler,scraper,Ball Corporation,50.46,44.46,near_fit,2,job_family_compatibility,moderate_fit,5
67d95923-93ca-4d19-bc61-243fbf7268d0,FL,1,0cf3e86d-7b7b-49b5-b0e7-95f732a9356b,Service Representative - ASCO - Miami,scraper,Schneider Electric,50.03,44.03,near_fit,2,job_family_compatibility,moderate_fit,6
67d95923-93ca-4d19-bc61-243fbf7268d0,FL,1,b9112c8c-6881-4ed1-8e11-5631d7599fd3,Senior Field Service Representative,scraper,Schneider Electric,50.03,44.03,near_fit,2,job_family_compatibility,moderate_fit,7
67d95923-93ca-4d19-bc61-243fbf7268d0,FL,1,d6ce56c8-37c1-4825-9f1c-6a380cc955c6,Service Representative - ASCO - Tallahassee,scraper,Schneider Electric,50.03,44.03,near_fit,2,job_family_compatibility,moderate_fit,8
67d95923-93ca-4d19-bc61-243fbf7268d0,FL,1,b0677759-9c1d-478f-8e04-71c859b8420f,Field Service Representative,scraper,Schneider Electric,50.00,44.00,near_fit,2,job_family_compatibility,moderate_fit,9
67d95923-93ca-4d19-bc61-243fbf7268d0,FL,1,20c6eb5b-170a-4a62-9a6d-914ebb2d054c,Tooling & Maintenance Specialist - Night Shift,scraper,Ball Corporation,14.68,20.68,ineligible,2,job_family_compatibility,low_fit,10
67d95923-93ca-4d19-bc61-243fbf7268d0,FL,1,d4217303-4874-4b65-8c4f-23b62efe1802,Production Technician,scraper,Ball Corporation,52.60,46.60,near_fit,3,job_family_compatibility,moderate_fit,11
67d95923-93ca-4d19-bc61-243fbf7268d0,FL,1,a50ce27e-34e7-4a00-821d-3066412287bf,"Materials Leader (Pensacola, FL)",scraper,GE Vernova,50.53,44.53,near_fit,3,job_family_compatibility,moderate_fit,12
68269d54-608d-4bbe-bda4-af2ef36a3149,FL,2,30461847-21a9-44c4-a4e8-e702395d0552,Field Service Technician-2,scraper,GE Vernova,53.77,47.77,near_fit,2,job_family_compatibility,moderate_fit,1
68269d54-608d-4bbe-bda4-af2ef36a3149,FL,2,bc17abfe-738c-446e-b265-c2ab66dc5db5,Material Handler,scraper,Ball Corporation,51.59,45.59,near_fit,2,job_family_compatibility,moderate_fit,2
68269d54-608d-4bbe-bda4-af2ef36a3149,FL,2,a50ce27e-34e7-4a00-821d-3066412287bf,"Materials Leader (Pensacola, FL)",scraper,GE Vernova,51.16,45.16,near_fit,3,job_family_compatibility,moderate_fit,3
6851b3a3-95ad-4692-ab4d-7374363c3427,CO,1,bd04aa5e-2928-4847-9744-1547a1ab34f1,Material Handler - Forklift / Warehouse Operator,scraper,Ball Corporation,47.80,41.80,near_fit,2,job_family_compatibility,moderate_fit,1
6851b3a3-95ad-4692-ab4d-7374363c3427,CO,1,55ca320c-2898-40a9-9512-907c637508ab,Field Service Representative - Power Distribution/Electrical,scraper,Schneider Electric,46.41,40.41,near_fit,2,job_family_compatibility,moderate_fit,2
6851b3a3-95ad-4692-ab4d-7374363c3427,CO,1,b5a26d13-3f56-4004-8591-56c1e66fae5b,"Wind Hub Technician - CO LW (Grover, CO Area)",scraper,GE Vernova,47.72,41.72,near_fit,3,job_family_compatibility,moderate_fit,3
6851b3a3-95ad-4692-ab4d-7374363c3427,CO,1,a2db9942-94b5-4f01-a5a2-61dee26618be,Production Technician,scraper,Ball Corporation,47.41,41.41,near_fit,3,job_family_compatibility,moderate_fit,4
6851b3a3-95ad-4692-ab4d-7374363c3427,CO,1,acc8ba1f-b40a-40d5-bff8-d3513f34e44c,Machinist,scraper,Ball Corporation,47.19,41.19,near_fit,3,job_family_compatibility,moderate_fit,5
68751b7a-22aa-4604-a876-df1e8f76e91e,GA,2,7a1ae3c5-44c0-4580-9860-6066b81571a6,CNC Industrial Machine Operator,scraper,Delta Air Lines,54.39,48.39,near_fit,2,job_family_compatibility,moderate_fit,1
68751b7a-22aa-4604-a876-df1e8f76e91e,GA,2,07217a0b-d6bf-4e3f-a895-d81309df4cf2,Aircraft Mtc Surface Coat Technician,scraper,Delta Air Lines,53.09,47.09,near_fit,2,job_family_compatibility,moderate_fit,2
68751b7a-22aa-4604-a876-df1e8f76e91e,GA,2,7589aba9-4d64-4d0f-83dc-238301e9777a,AMT - Avionics - Component Maintenance,scraper,Delta Air Lines,52.75,46.75,near_fit,2,job_family_compatibility,moderate_fit,3
68751b7a-22aa-4604-a876-df1e8f76e91e,GA,2,01811a18-2fb7-4c0a-a7e0-15143caaf65e,Ground Maintenance Mechanic (Stationary) - ATL,scraper,Delta Air Lines,52.50,46.50,near_fit,2,job_family_compatibility,moderate_fit,4
68751b7a-22aa-4604-a876-df1e8f76e91e,GA,2,88be611e-8df7-464a-91a3-fbaa826c984f,Ground Maintenance Mechanic (Motorized) - ATL,scraper,Delta Air Lines,52.44,46.44,near_fit,2,job_family_compatibility,moderate_fit,5
68751b7a-22aa-4604-a876-df1e8f76e91e,GA,2,5ed09f56-d309-4c8d-9513-b28283aba939,Machinist,scraper,GE Vernova,52.39,46.39,near_fit,2,job_family_compatibility,moderate_fit,6
68751b7a-22aa-4604-a876-df1e8f76e91e,GA,2,51b5fe5a-552b-48f1-8dd9-c51a3c65fbde,Aircraft Maintenance Technician 2,scraper,Delta Air Lines,52.34,46.34,near_fit,2,job_family_compatibility,moderate_fit,7
68751b7a-22aa-4604-a876-df1e8f76e91e,GA,2,23cc0d4f-2f56-4972-9c03-5b87c1ff0806,Hourly Warehouse Team Member - Temporary Full-Time - Atlanta HVC (PS&L),employer_import,Ford Motor Company,51.80,45.80,near_fit,2,job_family_compatibility,moderate_fit,8
68751b7a-22aa-4604-a876-df1e8f76e91e,GA,2,129030bc-0db8-4ed9-b4c0-25583cbef1ba,Field Service Technician,scraper,Schneider Electric,51.37,45.37,near_fit,2,job_family_compatibility,moderate_fit,9
68751b7a-22aa-4604-a876-df1e8f76e91e,GA,2,2d4478e8-6572-4cea-9bed-ebb35b0452ad,Field Service Representative - Secure Power/Electronic,scraper,Schneider Electric,50.60,44.60,near_fit,2,job_family_compatibility,moderate_fit,10
68751b7a-22aa-4604-a876-df1e8f76e91e,GA,2,4e19e54f-bbc8-4fd7-b592-eec1b5dd3bb6,Field Service Representative - Power Distribution/Electrical,scraper,Schneider Electric,50.60,44.60,near_fit,2,job_family_compatibility,moderate_fit,11
68751b7a-22aa-4604-a876-df1e8f76e91e,GA,2,a73a1c20-1806-418a-93c9-d8d84fa23ae3,Field Service Representative I,scraper,Schneider Electric,50.60,44.60,near_fit,2,job_family_compatibility,moderate_fit,12
68751b7a-22aa-4604-a876-df1e8f76e91e,GA,2,c98f5980-0f8d-4ab0-8c1e-0b16113ef018,Field Service Representative - Power Distribution/Electrical,scraper,Schneider Electric,50.60,44.60,near_fit,2,job_family_compatibility,moderate_fit,13
68751b7a-22aa-4604-a876-df1e8f76e91e,GA,2,dbcdcc74-0ea5-4c37-ad66-1bbc27f2fd34,Field Service Representative I,scraper,Schneider Electric,50.60,44.60,near_fit,2,job_family_compatibility,moderate_fit,14
68751b7a-22aa-4604-a876-df1e8f76e91e,GA,2,dd301bdc-0e82-4e98-9e14-57c8247c0260,Field Service Representative - Power Distribution/Electrical,scraper,Schneider Electric,50.60,44.60,near_fit,2,job_family_compatibility,moderate_fit,15
68751b7a-22aa-4604-a876-df1e8f76e91e,GA,2,a25b80fb-8867-4bcf-a7f1-659b46569740,Field Service Representative I,scraper,Schneider Electric,50.59,44.59,near_fit,2,job_family_compatibility,moderate_fit,16
68751b7a-22aa-4604-a876-df1e8f76e91e,GA,2,2713d0f9-14c5-40f6-b6d4-8c648816908e,Production Technician,scraper,Ball Corporation,53.62,47.62,near_fit,3,job_family_compatibility,moderate_fit,17
68751b7a-22aa-4604-a876-df1e8f76e91e,GA,2,3a49304e-d302-4423-a97a-4f65ef8ac44d,Machinist millwright,scraper,Ball Corporation,53.31,47.31,near_fit,3,job_family_compatibility,moderate_fit,18
68751b7a-22aa-4604-a876-df1e8f76e91e,GA,2,050f299a-3320-4e53-91aa-e93418d2ab99,Buncher Operator II,employer_import,Southwire,53.20,47.20,near_fit,3,job_family_compatibility,moderate_fit,19
68751b7a-22aa-4604-a876-df1e8f76e91e,GA,2,7b12cd8f-f67a-4e7c-8890-2a3b1edbe2b7,Extruder Operator II (2nd Shift),employer_import,Southwire,53.20,47.20,near_fit,3,job_family_compatibility,moderate_fit,20
68751b7a-22aa-4604-a876-df1e8f76e91e,GA,2,d2b34f76-7d66-4bee-bcb0-269bbb7d0f75,Take-up Operator I,scraper,Southwire,53.20,47.20,near_fit,3,job_family_compatibility,moderate_fit,21
68751b7a-22aa-4604-a876-df1e8f76e91e,GA,2,0336a541-1cd7-4970-b181-33a30857fa4c,Armoring Machine Operator,scraper,Southwire,53.16,47.16,near_fit,3,job_family_compatibility,moderate_fit,22
68751b7a-22aa-4604-a876-df1e8f76e91e,GA,2,609a49ef-4f83-4ef1-a315-0debfc1faa16,"Operator, Take Up I",scraper,Southwire,53.16,47.16,near_fit,3,job_family_compatibility,moderate_fit,23
68751b7a-22aa-4604-a876-df1e8f76e91e,GA,2,67b5286c-436e-453c-aefb-acc7d5793715,Armoring Machine Operator,employer_import,Southwire,53.16,47.16,near_fit,3,job_family_compatibility,moderate_fit,24
68751b7a-22aa-4604-a876-df1e8f76e91e,GA,2,8e1eb9a8-1dea-4839-8b5b-98dcc8d257e9,Machinist I,scraper,Southwire,53.16,47.16,near_fit,3,job_family_compatibility,moderate_fit,25
68751b7a-22aa-4604-a876-df1e8f76e91e,GA,2,97e3ae11-f613-41dd-adca-c8d1e4d5cdaa,"Operator, Take Up I",scraper,Southwire,53.16,47.16,near_fit,3,job_family_compatibility,moderate_fit,26
68751b7a-22aa-4604-a876-df1e8f76e91e,GA,2,dd3d814c-135d-4c3a-9dfc-fd6607803797,Armoring Machine Operator,scraper,Southwire,53.16,47.16,near_fit,3,job_family_compatibility,moderate_fit,27
68751b7a-22aa-4604-a876-df1e8f76e91e,GA,2,2f35d354-c982-4f31-b4fe-ea388c7854ae,"Operator, Extruder II",scraper,Southwire,53.13,47.13,near_fit,3,job_family_compatibility,moderate_fit,28
68751b7a-22aa-4604-a876-df1e8f76e91e,GA,2,3ecaaebf-ef87-4111-bb8d-13ee3cdabd7b,Extruder Operator II,scraper,Southwire,53.13,47.13,near_fit,3,job_family_compatibility,moderate_fit,29
68751b7a-22aa-4604-a876-df1e8f76e91e,GA,2,6a2fad85-24bd-4ef0-96c2-b87f6416fc5c,"Operator, Drawing I",scraper,Southwire,53.13,47.13,near_fit,3,job_family_compatibility,moderate_fit,30
68751b7a-22aa-4604-a876-df1e8f76e91e,GA,2,e8182e8c-0173-41e3-a046-b8061ff9ee8a,Drawing Operator II,scraper,Southwire,53.13,47.13,near_fit,3,job_family_compatibility,moderate_fit,31
68751b7a-22aa-4604-a876-df1e8f76e91e,GA,2,6e0cf920-9cdc-40a1-a692-9191c7cde9f1,Welder,scraper,GE Vernova,52.38,46.38,near_fit,3,job_family_compatibility,moderate_fit,32
68751b7a-22aa-4604-a876-df1e8f76e91e,GA,2,398093d8-ae6f-4f25-9dcc-70d9052d9b05,"Operator, Take Up II",scraper,Southwire,51.40,45.40,near_fit,3,job_family_compatibility,moderate_fit,33
68751b7a-22aa-4604-a876-df1e8f76e91e,GA,2,3e43d7c9-7084-4ffc-9cc4-26453e4b724f,"Operator, Take Up III",scraper,Southwire,51.40,45.40,near_fit,3,job_family_compatibility,moderate_fit,34
68751b7a-22aa-4604-a876-df1e8f76e91e,GA,2,43bcc0fb-b9b4-4bb0-9930-0bc29dee7a7f,"Operator, Take Up III",scraper,Southwire,51.40,45.40,near_fit,3,job_family_compatibility,moderate_fit,35
68751b7a-22aa-4604-a876-df1e8f76e91e,GA,2,94a4ab5c-f9cf-4cce-b4f5-389a4b06484c,Take-up Operator II (2nd Shift),scraper,Southwire,51.40,45.40,near_fit,3,job_family_compatibility,moderate_fit,36
68751b7a-22aa-4604-a876-df1e8f76e91e,GA,2,eb3167c4-8577-459e-a498-aa9657be0d85,"Operator, Take Up III",scraper,Southwire,51.40,45.40,near_fit,3,job_family_compatibility,moderate_fit,37
68751b7a-22aa-4604-a876-df1e8f76e91e,GA,2,2af28403-0840-4df5-b7b8-36e623e72e53,"Technician, I",scraper,Southwire,48.44,42.44,near_fit,3,job_family_compatibility,moderate_fit,38
68751b7a-22aa-4604-a876-df1e8f76e91e,GA,2,13323029-09a8-47a1-8b3b-2bf6e4f6137b,"Technician, Maintenance II",scraper,Southwire,48.30,42.30,near_fit,3,job_family_compatibility,moderate_fit,39
6957aa5c-2a55-4098-86f6-318516ce4025,AL,2,946b1c6d-9602-49c2-9e41-76a8da8db0fa,Machine Operator EG,scraper,Southwire,53.20,47.20,near_fit,2,job_family_compatibility,moderate_fit,1
6957aa5c-2a55-4098-86f6-318516ce4025,AL,2,334c520d-9f9d-4ba6-b719-3ba479d79642,Warehouse Associate Manufacturing II,scraper,Southwire,52.63,46.63,near_fit,3,job_family_compatibility,moderate_fit,2
6b9e6a3a-b3be-4ca5-8681-2caaeca296bd,GA,2,f598393a-49cf-4330-97e9-3febf3c6614a,HVAC Installer - 2nd Shift (Apprenticeship Program),employer_created,Acme Industrial,66.64,55.64,near_fit,1,required_credential_compatibility,good_fit,1
6b9e6a3a-b3be-4ca5-8681-2caaeca296bd,GA,2,aa9c7ad9-821b-405c-8099-64057cbf133a,System Specialist II,scraper,Schneider Electric,60.25,54.25,near_fit,1,seniority_compatibility,good_fit,2
6b9e6a3a-b3be-4ca5-8681-2caaeca296bd,GA,2,619f163a-21a4-402f-ab9c-510eb8b05894,Field Service Technician - HVAC/Cooling,scraper,Schneider Electric,57.70,51.70,near_fit,1,required_credential_compatibility,moderate_fit,3
6b9e6a3a-b3be-4ca5-8681-2caaeca296bd,GA,2,84ee4830-5a83-48d2-8872-a5a40e7f329b,Field Service Technician - HVAC/Cooling,scraper,Schneider Electric,57.70,51.70,near_fit,1,required_credential_compatibility,moderate_fit,4
6b9e6a3a-b3be-4ca5-8681-2caaeca296bd,GA,2,d2b5bb83-b02b-43d9-9075-87bcffd426ba,System Specialist III,scraper,Schneider Electric,15.12,21.12,ineligible,1,job_family_compatibility,low_fit,5
6b9e6a3a-b3be-4ca5-8681-2caaeca296bd,GA,2,6c0c32de-720f-468e-9db4-98fcf35d3476,System Specialist II,scraper,Schneider Electric,51.75,45.75,near_fit,2,job_family_compatibility,moderate_fit,6
6b9e6a3a-b3be-4ca5-8681-2caaeca296bd,GA,2,7be0d8c5-61fb-42e0-85e2-e57eaa3c8c92,Building Automation Technician II,scraper,Schneider Electric,51.36,45.36,near_fit,2,job_family_compatibility,moderate_fit,7
6b9e6a3a-b3be-4ca5-8681-2caaeca296bd,GA,2,092dfb2b-ff27-4d1b-aa53-8719e5b2f01e,System Specialist I,scraper,Schneider Electric,51.25,45.25,near_fit,2,job_family_compatibility,moderate_fit,8
6b9e6a3a-b3be-4ca5-8681-2caaeca296bd,GA,2,784960ea-8969-447d-935d-2a0e711996d6,System Specialist II,scraper,Schneider Electric,51.25,45.25,near_fit,2,job_family_compatibility,moderate_fit,9
6b9e6a3a-b3be-4ca5-8681-2caaeca296bd,GA,2,9089b0d0-9bcc-4423-9a86-9ec534a5f15a,Building Automation Technician II,scraper,Schneider Electric,51.25,45.25,near_fit,2,job_family_compatibility,moderate_fit,10
6b9e6a3a-b3be-4ca5-8681-2caaeca296bd,GA,2,91897402-de57-4dab-9099-843ecbb624b3,System Specialist I,scraper,Schneider Electric,51.25,45.25,near_fit,2,job_family_compatibility,moderate_fit,11
6b9e6a3a-b3be-4ca5-8681-2caaeca296bd,GA,2,bd562210-99d4-4bde-8780-2e54953bf3dd,System Specialist II,scraper,Schneider Electric,51.25,45.25,near_fit,2,job_family_compatibility,moderate_fit,12
6b9e6a3a-b3be-4ca5-8681-2caaeca296bd,GA,2,6e0cf920-9cdc-40a1-a692-9191c7cde9f1,Welder,scraper,GE Vernova,52.38,46.38,near_fit,3,job_family_compatibility,moderate_fit,13
6b9e6a3a-b3be-4ca5-8681-2caaeca296bd,GA,2,1bf0ac7a-e529-4e85-9cdb-5bea8e082fd1,Electronic Technician,scraper,Southwire,50.36,44.36,near_fit,3,job_family_compatibility,moderate_fit,14
6b9e6a3a-b3be-4ca5-8681-2caaeca296bd,GA,2,34db19d2-d22c-420b-9ca4-3a0b96da2fae,"Technician, Electronic",scraper,Southwire,50.30,44.30,near_fit,3,job_family_compatibility,moderate_fit,15
6baddf6d-dc5f-4853-b58e-c314096fd64e,GA,2,07217a0b-d6bf-4e3f-a895-d81309df4cf2,Aircraft Mtc Surface Coat Technician,scraper,Delta Air Lines,53.09,47.09,near_fit,2,job_family_compatibility,moderate_fit,1
6baddf6d-dc5f-4853-b58e-c314096fd64e,GA,2,88be611e-8df7-464a-91a3-fbaa826c984f,Ground Maintenance Mechanic (Motorized) - ATL,scraper,Delta Air Lines,52.97,46.97,near_fit,2,job_family_compatibility,moderate_fit,2
6baddf6d-dc5f-4853-b58e-c314096fd64e,GA,2,01811a18-2fb7-4c0a-a7e0-15143caaf65e,Ground Maintenance Mechanic (Stationary) - ATL,scraper,Delta Air Lines,52.87,46.87,near_fit,2,job_family_compatibility,moderate_fit,3
6baddf6d-dc5f-4853-b58e-c314096fd64e,GA,2,7589aba9-4d64-4d0f-83dc-238301e9777a,AMT - Avionics - Component Maintenance,scraper,Delta Air Lines,52.35,46.35,near_fit,2,job_family_compatibility,moderate_fit,4
6baddf6d-dc5f-4853-b58e-c314096fd64e,GA,2,51b5fe5a-552b-48f1-8dd9-c51a3c65fbde,Aircraft Maintenance Technician 2,scraper,Delta Air Lines,52.34,46.34,near_fit,2,job_family_compatibility,moderate_fit,5
6baddf6d-dc5f-4853-b58e-c314096fd64e,GA,2,23cc0d4f-2f56-4972-9c03-5b87c1ff0806,Hourly Warehouse Team Member - Temporary Full-Time - Atlanta HVC (PS&L),employer_import,Ford Motor Company,51.80,45.80,near_fit,2,job_family_compatibility,moderate_fit,6
6baddf6d-dc5f-4853-b58e-c314096fd64e,GA,2,a25b80fb-8867-4bcf-a7f1-659b46569740,Field Service Representative I,scraper,Schneider Electric,51.42,45.42,near_fit,2,job_family_compatibility,moderate_fit,7
6baddf6d-dc5f-4853-b58e-c314096fd64e,GA,2,2d4478e8-6572-4cea-9bed-ebb35b0452ad,Field Service Representative - Secure Power/Electronic,scraper,Schneider Electric,51.23,45.23,near_fit,2,job_family_compatibility,moderate_fit,8
6baddf6d-dc5f-4853-b58e-c314096fd64e,GA,2,4e19e54f-bbc8-4fd7-b592-eec1b5dd3bb6,Field Service Representative - Power Distribution/Electrical,scraper,Schneider Electric,51.23,45.23,near_fit,2,job_family_compatibility,moderate_fit,9
6baddf6d-dc5f-4853-b58e-c314096fd64e,GA,2,a73a1c20-1806-418a-93c9-d8d84fa23ae3,Field Service Representative I,scraper,Schneider Electric,51.23,45.23,near_fit,2,job_family_compatibility,moderate_fit,10
6baddf6d-dc5f-4853-b58e-c314096fd64e,GA,2,c98f5980-0f8d-4ab0-8c1e-0b16113ef018,Field Service Representative - Power Distribution/Electrical,scraper,Schneider Electric,51.23,45.23,near_fit,2,job_family_compatibility,moderate_fit,11
6baddf6d-dc5f-4853-b58e-c314096fd64e,GA,2,dbcdcc74-0ea5-4c37-ad66-1bbc27f2fd34,Field Service Representative I,scraper,Schneider Electric,51.23,45.23,near_fit,2,job_family_compatibility,moderate_fit,12
6baddf6d-dc5f-4853-b58e-c314096fd64e,GA,2,dd301bdc-0e82-4e98-9e14-57c8247c0260,Field Service Representative - Power Distribution/Electrical,scraper,Schneider Electric,51.23,45.23,near_fit,2,job_family_compatibility,moderate_fit,13
6baddf6d-dc5f-4853-b58e-c314096fd64e,GA,2,5ed09f56-d309-4c8d-9513-b28283aba939,Machinist,scraper,GE Vernova,49.95,43.95,near_fit,2,job_family_compatibility,moderate_fit,14
6baddf6d-dc5f-4853-b58e-c314096fd64e,GA,2,129030bc-0db8-4ed9-b4c0-25583cbef1ba,Field Service Technician,scraper,Schneider Electric,49.38,43.38,near_fit,2,job_family_compatibility,moderate_fit,15
6baddf6d-dc5f-4853-b58e-c314096fd64e,GA,2,2713d0f9-14c5-40f6-b6d4-8c648816908e,Production Technician,scraper,Ball Corporation,53.62,47.62,near_fit,3,job_family_compatibility,moderate_fit,16
6baddf6d-dc5f-4853-b58e-c314096fd64e,GA,2,d2b34f76-7d66-4bee-bcb0-269bbb7d0f75,Take-up Operator I,scraper,Southwire,53.40,47.40,near_fit,3,job_family_compatibility,moderate_fit,17
6baddf6d-dc5f-4853-b58e-c314096fd64e,GA,2,609a49ef-4f83-4ef1-a315-0debfc1faa16,"Operator, Take Up I",scraper,Southwire,53.36,47.36,near_fit,3,job_family_compatibility,moderate_fit,18
6baddf6d-dc5f-4853-b58e-c314096fd64e,GA,2,0336a541-1cd7-4970-b181-33a30857fa4c,Armoring Machine Operator,scraper,Southwire,53.35,47.35,near_fit,3,job_family_compatibility,moderate_fit,19
6baddf6d-dc5f-4853-b58e-c314096fd64e,GA,2,67b5286c-436e-453c-aefb-acc7d5793715,Armoring Machine Operator,employer_import,Southwire,53.35,47.35,near_fit,3,job_family_compatibility,moderate_fit,20
6baddf6d-dc5f-4853-b58e-c314096fd64e,GA,2,97e3ae11-f613-41dd-adca-c8d1e4d5cdaa,"Operator, Take Up I",scraper,Southwire,53.35,47.35,near_fit,3,job_family_compatibility,moderate_fit,21
6baddf6d-dc5f-4853-b58e-c314096fd64e,GA,2,dd3d814c-135d-4c3a-9dfc-fd6607803797,Armoring Machine Operator,scraper,Southwire,53.35,47.35,near_fit,3,job_family_compatibility,moderate_fit,22
6baddf6d-dc5f-4853-b58e-c314096fd64e,GA,2,2f35d354-c982-4f31-b4fe-ea388c7854ae,"Operator, Extruder II",scraper,Southwire,53.34,47.34,near_fit,3,job_family_compatibility,moderate_fit,23
6baddf6d-dc5f-4853-b58e-c314096fd64e,GA,2,3ecaaebf-ef87-4111-bb8d-13ee3cdabd7b,Extruder Operator II,scraper,Southwire,53.34,47.34,near_fit,3,job_family_compatibility,moderate_fit,24
6baddf6d-dc5f-4853-b58e-c314096fd64e,GA,2,8e1eb9a8-1dea-4839-8b5b-98dcc8d257e9,Machinist I,scraper,Southwire,53.33,47.33,near_fit,3,job_family_compatibility,moderate_fit,25
6baddf6d-dc5f-4853-b58e-c314096fd64e,GA,2,6a2fad85-24bd-4ef0-96c2-b87f6416fc5c,"Operator, Drawing I",scraper,Southwire,53.28,47.28,near_fit,3,job_family_compatibility,moderate_fit,26
6baddf6d-dc5f-4853-b58e-c314096fd64e,GA,2,e8182e8c-0173-41e3-a046-b8061ff9ee8a,Drawing Operator II,scraper,Southwire,53.27,47.27,near_fit,3,job_family_compatibility,moderate_fit,27
6baddf6d-dc5f-4853-b58e-c314096fd64e,GA,2,050f299a-3320-4e53-91aa-e93418d2ab99,Buncher Operator II,employer_import,Southwire,53.20,47.20,near_fit,3,job_family_compatibility,moderate_fit,28
6baddf6d-dc5f-4853-b58e-c314096fd64e,GA,2,3a49304e-d302-4423-a97a-4f65ef8ac44d,Machinist millwright,scraper,Ball Corporation,52.78,46.78,near_fit,3,job_family_compatibility,moderate_fit,29
6baddf6d-dc5f-4853-b58e-c314096fd64e,GA,2,7b12cd8f-f67a-4e7c-8890-2a3b1edbe2b7,Extruder Operator II (2nd Shift),employer_import,Southwire,52.73,46.73,near_fit,3,job_family_compatibility,moderate_fit,30
6baddf6d-dc5f-4853-b58e-c314096fd64e,GA,2,6e0cf920-9cdc-40a1-a692-9191c7cde9f1,Welder,scraper,GE Vernova,52.38,46.38,near_fit,3,job_family_compatibility,moderate_fit,31
6baddf6d-dc5f-4853-b58e-c314096fd64e,GA,2,398093d8-ae6f-4f25-9dcc-70d9052d9b05,"Operator, Take Up II",scraper,Southwire,51.57,45.57,near_fit,3,job_family_compatibility,moderate_fit,32
6baddf6d-dc5f-4853-b58e-c314096fd64e,GA,2,3e43d7c9-7084-4ffc-9cc4-26453e4b724f,"Operator, Take Up III",scraper,Southwire,51.57,45.57,near_fit,3,job_family_compatibility,moderate_fit,33
6baddf6d-dc5f-4853-b58e-c314096fd64e,GA,2,43bcc0fb-b9b4-4bb0-9930-0bc29dee7a7f,"Operator, Take Up III",scraper,Southwire,51.57,45.57,near_fit,3,job_family_compatibility,moderate_fit,34
6baddf6d-dc5f-4853-b58e-c314096fd64e,GA,2,94a4ab5c-f9cf-4cce-b4f5-389a4b06484c,Take-up Operator II (2nd Shift),scraper,Southwire,51.57,45.57,near_fit,3,job_family_compatibility,moderate_fit,35
6baddf6d-dc5f-4853-b58e-c314096fd64e,GA,2,eb3167c4-8577-459e-a498-aa9657be0d85,"Operator, Take Up III",scraper,Southwire,51.57,45.57,near_fit,3,job_family_compatibility,moderate_fit,36
6baddf6d-dc5f-4853-b58e-c314096fd64e,GA,2,7a1ae3c5-44c0-4580-9860-6066b81571a6,CNC Industrial Machine Operator,scraper,Delta Air Lines,50.03,44.03,near_fit,3,job_family_compatibility,moderate_fit,37
6baddf6d-dc5f-4853-b58e-c314096fd64e,GA,2,2af28403-0840-4df5-b7b8-36e623e72e53,"Technician, I",scraper,Southwire,48.83,42.83,near_fit,3,job_family_compatibility,moderate_fit,38
6baddf6d-dc5f-4853-b58e-c314096fd64e,GA,2,13323029-09a8-47a1-8b3b-2bf6e4f6137b,"Technician, Maintenance II",scraper,Southwire,48.68,42.68,near_fit,3,job_family_compatibility,moderate_fit,39
6d881069-85b4-4b80-a50b-e974a2aa07b2,IL,1,fc5c1942-f214-48df-971b-7037fe3e837b,Warehouse Specialist,scraper,Southwire,52.04,46.04,near_fit,2,job_family_compatibility,moderate_fit,1
6d881069-85b4-4b80-a50b-e974a2aa07b2,IL,1,261a3edb-0c61-4e40-9158-f20534009c48,"Hourly Production Team Member - Temporary Full Time - Chicago, IL",scraper,Ford Motor Company,50.67,44.67,near_fit,2,job_family_compatibility,moderate_fit,2
6d881069-85b4-4b80-a50b-e974a2aa07b2,IL,1,49901a3c-4bf5-43a9-95ff-55190786efcd,Field Service Representative,scraper,Schneider Electric,50.03,44.03,near_fit,2,job_family_compatibility,moderate_fit,3
6d881069-85b4-4b80-a50b-e974a2aa07b2,IL,1,73c15577-8c61-4e8c-9320-8d11d8918722,Systems Field Service Representative - Chicago,scraper,Schneider Electric,50.03,44.03,near_fit,2,job_family_compatibility,moderate_fit,4
6d881069-85b4-4b80-a50b-e974a2aa07b2,IL,1,268dd605-3bff-4563-ab00-de5ff47358a1,Field Service Representative,scraper,Schneider Electric,50.00,44.00,near_fit,2,job_family_compatibility,moderate_fit,5
6d881069-85b4-4b80-a50b-e974a2aa07b2,IL,1,738888d5-42a6-46d6-a8f2-415f663dda9f,Field Service Representative - Secure Power/Electronic,scraper,Schneider Electric,50.00,44.00,near_fit,2,job_family_compatibility,moderate_fit,6
6d881069-85b4-4b80-a50b-e974a2aa07b2,IL,1,fcace57a-06c3-4e68-8e04-6b1157ecad61,BMS Service Account Executive,scraper,Schneider Electric,50.35,44.35,near_fit,3,job_family_compatibility,moderate_fit,7
6dd5a2b8-25de-4f3d-b0bc-825c406eee2f,AZ,2,398da005-863a-485c-a972-f555fcc71f5e,Field Service Representative - Drives/Industry,scraper,Schneider Electric,53.47,47.47,near_fit,1,job_family_compatibility,moderate_fit,1
6dd5a2b8-25de-4f3d-b0bc-825c406eee2f,AZ,2,cc8866c0-fd8c-4ec4-8c76-6d222ef7b305,Quality Inspector,scraper,Schneider Electric,51.60,45.60,near_fit,1,job_family_compatibility,moderate_fit,2
6dd5a2b8-25de-4f3d-b0bc-825c406eee2f,AZ,2,f11111cd-0177-4bbc-a032-82cde1e21e4c,Quality Inspector,scraper,Schneider Electric,51.60,45.60,near_fit,1,job_family_compatibility,moderate_fit,3
6dd5a2b8-25de-4f3d-b0bc-825c406eee2f,AZ,2,ced66e0d-fea0-4c45-a6b0-03b0c7d3993c,Production Supervisor,scraper,Schneider Electric,15.37,21.37,ineligible,1,job_family_compatibility,low_fit,4
6dd5a2b8-25de-4f3d-b0bc-825c406eee2f,AZ,2,abb0d5f2-47b2-4d88-99e3-319caef8a27c,Manufacturing Cell Lead (2nd Shift),scraper,Schneider Electric,15.31,21.31,ineligible,1,job_family_compatibility,low_fit,5
6dd5a2b8-25de-4f3d-b0bc-825c406eee2f,AZ,2,95614908-a096-4942-98c5-186ebfeb031f,HVAC-Electrical Technician,seed,Southwest Electric & HVAC,53.20,47.20,near_fit,2,job_family_compatibility,moderate_fit,6
6dd5a2b8-25de-4f3d-b0bc-825c406eee2f,AZ,2,f39b2b0c-778f-47c5-8f6d-4b9353db57a6,Field Service Representative,scraper,Schneider Electric,51.16,45.16,near_fit,2,job_family_compatibility,moderate_fit,7
6dd5a2b8-25de-4f3d-b0bc-825c406eee2f,AZ,2,5b7de9fd-608f-4751-bf57-ea7f12da966f,Continuous Improvement Leader,scraper,Schneider Electric,49.55,43.55,near_fit,2,job_family_compatibility,moderate_fit,8
6dd5a2b8-25de-4f3d-b0bc-825c406eee2f,AZ,2,392f14b7-7f5d-4e24-a95c-91318ad5e80b,Field Service Representative - HVAC/Cooling,scraper,Schneider Electric,49.20,43.20,near_fit,2,job_family_compatibility,moderate_fit,9
6dd5a2b8-25de-4f3d-b0bc-825c406eee2f,AZ,2,707c18e2-5cba-4985-8dd6-26b3a8a60a95,Maintenance Mechanic,scraper,Ball Corporation,50.82,44.82,near_fit,3,job_family_compatibility,moderate_fit,10
6e4f30b4-948b-40c7-8f2e-4380e5f4533e,CA,2,ee7da4c4-6f75-482f-a406-24c03d68ca9a,Electrical Apprentice,seed,Pacific Grid Services,66.30,55.30,near_fit,1,required_credential_compatibility,good_fit,1
6e4f30b4-948b-40c7-8f2e-4380e5f4533e,CA,2,2815b44e-d2c8-4e28-8d97-62127318d2bd,Residential Electrician,seed,Bay Area Electrical Contractors,59.96,53.96,near_fit,1,required_credential_compatibility,moderate_fit,2
6e4f30b4-948b-40c7-8f2e-4380e5f4533e,CA,2,904fbc7d-d495-48f0-a82f-e47f7edb8c44,Electrician — Journey Level,seed,Pacific Grid Services,23.27,24.27,ineligible,1,seniority_compatibility,low_fit,3
6e4f30b4-948b-40c7-8f2e-4380e5f4533e,CA,2,fd5e0d1f-84b6-4d22-a957-63fdf5b36602,Industrial Electrician Technician,scraper,Ball Corporation,62.55,56.55,near_fit,2,seniority_compatibility,good_fit,4
6e4f30b4-948b-40c7-8f2e-4380e5f4533e,CA,2,8289f495-863f-4244-af82-0f40d2122358,Powerline Technician - Lineman - Underground,scraper,Southwire,55.89,49.89,near_fit,2,seniority_compatibility,moderate_fit,5
6e4f30b4-948b-40c7-8f2e-4380e5f4533e,CA,2,53f24894-9291-47ae-8284-33c3ab646baa,Service Specialist II,scraper,Schneider Electric,51.71,45.71,near_fit,2,job_family_compatibility,moderate_fit,6
6e6fab92-8dd8-4ad5-bd3a-1d31cce6ef8d,AR,2,c1557174-f263-4b94-acae-541575223397,Field Service Technician - HVAC/Cooling,scraper,Schneider Electric,51.71,45.71,near_fit,2,job_family_compatibility,moderate_fit,1
6e6fab92-8dd8-4ad5-bd3a-1d31cce6ef8d,AR,2,b5eb6630-f8fa-4f4b-8b46-df30db6d53b0,Field Service Representative,scraper,Schneider Electric,51.12,45.12,near_fit,2,job_family_compatibility,moderate_fit,2
6f79b323-e847-40a6-ae49-79dc260c89ba,IA,2,ad9ace0a-35e9-4b3a-945f-ea189fa9909a,High Voltage Technician III,scraper,GE Vernova,15.69,21.69,ineligible,2,job_family_compatibility,low_fit,1
6fe2ac8b-a6f5-43cc-8c57-8f79a3ee4b7a,IL,2,fcace57a-06c3-4e68-8e04-6b1157ecad61,BMS Service Account Executive,scraper,Schneider Electric,49.25,43.25,near_fit,3,job_family_compatibility,moderate_fit,1
7151ae97-3948-4b18-abe7-764662006dd5,AZ,1,398da005-863a-485c-a972-f555fcc71f5e,Field Service Representative - Drives/Industry,scraper,Schneider Electric,52.35,46.35,near_fit,1,job_family_compatibility,moderate_fit,1
7151ae97-3948-4b18-abe7-764662006dd5,AZ,1,cc8866c0-fd8c-4ec4-8c76-6d222ef7b305,Quality Inspector,scraper,Schneider Electric,50.48,44.48,near_fit,1,job_family_compatibility,moderate_fit,2
7151ae97-3948-4b18-abe7-764662006dd5,AZ,1,f11111cd-0177-4bbc-a032-82cde1e21e4c,Quality Inspector,scraper,Schneider Electric,50.48,44.48,near_fit,1,job_family_compatibility,moderate_fit,3
7151ae97-3948-4b18-abe7-764662006dd5,AZ,1,ced66e0d-fea0-4c45-a6b0-03b0c7d3993c,Production Supervisor,scraper,Schneider Electric,14.85,20.85,ineligible,1,job_family_compatibility,low_fit,4
7151ae97-3948-4b18-abe7-764662006dd5,AZ,1,abb0d5f2-47b2-4d88-99e3-319caef8a27c,Manufacturing Cell Lead (2nd Shift),scraper,Schneider Electric,14.78,20.78,ineligible,1,job_family_compatibility,low_fit,5
7151ae97-3948-4b18-abe7-764662006dd5,AZ,1,95614908-a096-4942-98c5-186ebfeb031f,HVAC-Electrical Technician,seed,Southwest Electric & HVAC,52.08,46.08,near_fit,2,job_family_compatibility,moderate_fit,6
7151ae97-3948-4b18-abe7-764662006dd5,AZ,1,f39b2b0c-778f-47c5-8f6d-4b9353db57a6,Field Service Representative,scraper,Schneider Electric,50.03,44.03,near_fit,2,job_family_compatibility,moderate_fit,7
7151ae97-3948-4b18-abe7-764662006dd5,AZ,1,5b7de9fd-608f-4751-bf57-ea7f12da966f,Continuous Improvement Leader,scraper,Schneider Electric,48.42,42.42,near_fit,2,job_family_compatibility,moderate_fit,8
7151ae97-3948-4b18-abe7-764662006dd5,AZ,1,392f14b7-7f5d-4e24-a95c-91318ad5e80b,Field Service Representative - HVAC/Cooling,scraper,Schneider Electric,48.07,42.07,near_fit,2,job_family_compatibility,moderate_fit,9
7151ae97-3948-4b18-abe7-764662006dd5,AZ,1,707c18e2-5cba-4985-8dd6-26b3a8a60a95,Maintenance Mechanic,scraper,Ball Corporation,50.23,44.23,near_fit,3,job_family_compatibility,moderate_fit,10
728695c1-3e9b-4061-8404-62e70df6664b,GA,2,d2b5bb83-b02b-43d9-9075-87bcffd426ba,System Specialist III,scraper,Schneider Electric,15.28,21.28,ineligible,1,job_family_compatibility,low_fit,1
728695c1-3e9b-4061-8404-62e70df6664b,GA,2,1bf0ac7a-e529-4e85-9cdb-5bea8e082fd1,Electronic Technician,scraper,Southwire,59.69,53.69,near_fit,2,seniority_compatibility,moderate_fit,2
728695c1-3e9b-4061-8404-62e70df6664b,GA,2,34db19d2-d22c-420b-9ca4-3a0b96da2fae,"Technician, Electronic",scraper,Southwire,59.63,53.63,near_fit,2,seniority_compatibility,moderate_fit,3
728695c1-3e9b-4061-8404-62e70df6664b,GA,2,f598393a-49cf-4330-97e9-3febf3c6614a,HVAC Installer - 2nd Shift (Apprenticeship Program),employer_created,Acme Industrial,57.06,46.06,near_fit,2,job_family_compatibility,moderate_fit,4
728695c1-3e9b-4061-8404-62e70df6664b,GA,2,7be0d8c5-61fb-42e0-85e2-e57eaa3c8c92,Building Automation Technician II,scraper,Schneider Electric,51.70,45.70,near_fit,2,job_family_compatibility,moderate_fit,5
728695c1-3e9b-4061-8404-62e70df6664b,GA,2,6c0c32de-720f-468e-9db4-98fcf35d3476,System Specialist II,scraper,Schneider Electric,51.62,45.62,near_fit,2,job_family_compatibility,moderate_fit,6
728695c1-3e9b-4061-8404-62e70df6664b,GA,2,092dfb2b-ff27-4d1b-aa53-8719e5b2f01e,System Specialist I,scraper,Schneider Electric,51.59,45.59,near_fit,2,job_family_compatibility,moderate_fit,7
728695c1-3e9b-4061-8404-62e70df6664b,GA,2,784960ea-8969-447d-935d-2a0e711996d6,System Specialist II,scraper,Schneider Electric,51.59,45.59,near_fit,2,job_family_compatibility,moderate_fit,8
728695c1-3e9b-4061-8404-62e70df6664b,GA,2,9089b0d0-9bcc-4423-9a86-9ec534a5f15a,Building Automation Technician II,scraper,Schneider Electric,51.59,45.59,near_fit,2,job_family_compatibility,moderate_fit,9
728695c1-3e9b-4061-8404-62e70df6664b,GA,2,91897402-de57-4dab-9099-843ecbb624b3,System Specialist I,scraper,Schneider Electric,51.59,45.59,near_fit,2,job_family_compatibility,moderate_fit,10
728695c1-3e9b-4061-8404-62e70df6664b,GA,2,aa9c7ad9-821b-405c-8099-64057cbf133a,System Specialist II,scraper,Schneider Electric,51.59,45.59,near_fit,2,job_family_compatibility,moderate_fit,11
728695c1-3e9b-4061-8404-62e70df6664b,GA,2,bd562210-99d4-4bde-8780-2e54953bf3dd,System Specialist II,scraper,Schneider Electric,51.59,45.59,near_fit,2,job_family_compatibility,moderate_fit,12
728695c1-3e9b-4061-8404-62e70df6664b,GA,2,619f163a-21a4-402f-ab9c-510eb8b05894,Field Service Technician - HVAC/Cooling,scraper,Schneider Electric,49.38,43.38,near_fit,2,job_family_compatibility,moderate_fit,13
728695c1-3e9b-4061-8404-62e70df6664b,GA,2,84ee4830-5a83-48d2-8872-a5a40e7f329b,Field Service Technician - HVAC/Cooling,scraper,Schneider Electric,49.38,43.38,near_fit,2,job_family_compatibility,moderate_fit,14
728695c1-3e9b-4061-8404-62e70df6664b,GA,2,6e0cf920-9cdc-40a1-a692-9191c7cde9f1,Welder,scraper,GE Vernova,52.38,46.38,near_fit,3,job_family_compatibility,moderate_fit,15
739f534b-a9fb-4761-ae48-2724a807d791,IL,2,fc5c1942-f214-48df-971b-7037fe3e837b,Warehouse Specialist,scraper,Southwire,53.16,47.16,near_fit,2,job_family_compatibility,moderate_fit,1
73b61966-365a-4b55-9729-67c219b3bc85,CA,1,c7f77a75-17ff-4f06-bfe5-ce51bbf2cc1a,CNC Programmer/Operator,scraper,Ford Motor Company,13.86,19.86,ineligible,1,job_family_compatibility,low_fit,1
73b61966-365a-4b55-9729-67c219b3bc85,CA,1,ee7da4c4-6f75-482f-a406-24c03d68ca9a,Electrical Apprentice,seed,Pacific Grid Services,52.72,41.72,near_fit,2,job_family_compatibility,moderate_fit,2
73b61966-365a-4b55-9729-67c219b3bc85,CA,1,92c5c760-9d54-4e5c-b978-20ab22e766f2,Line Operator Mechanic,scraper,Ball Corporation,52.22,46.22,near_fit,2,job_family_compatibility,moderate_fit,3
73b61966-365a-4b55-9729-67c219b3bc85,CA,1,8ec4f85c-539e-445f-947b-1af33a8ef07a,Site Technical Trainer,scraper,Ball Corporation,51.68,45.68,near_fit,2,job_family_compatibility,moderate_fit,4
73b61966-365a-4b55-9729-67c219b3bc85,CA,1,9ad0d344-059a-4723-88ea-4255400e5a76,Ground Maintenance Mechanic (Motorized),scraper,Delta Air Lines,51.31,45.31,near_fit,2,job_family_compatibility,moderate_fit,5
73b61966-365a-4b55-9729-67c219b3bc85,CA,1,dfdbfa94-bd0f-4354-8b70-43182e0a7f8d,Aircraft Maintenance Technician,scraper,Delta Air Lines,51.27,45.27,near_fit,2,job_family_compatibility,moderate_fit,6
73b61966-365a-4b55-9729-67c219b3bc85,CA,1,bbb6c9ea-baef-44ff-b084-085be2c89941,Hourly Warehouse Team Member - Temporary Full-Time - Ontario HVC (PS&L),employer_import,Ford Motor Company,50.67,44.67,near_fit,2,job_family_compatibility,moderate_fit,7
73b61966-365a-4b55-9729-67c219b3bc85,CA,1,53f24894-9291-47ae-8284-33c3ab646baa,Service Specialist II,scraper,Schneider Electric,50.59,44.59,near_fit,2,job_family_compatibility,moderate_fit,8
73b61966-365a-4b55-9729-67c219b3bc85,CA,1,2815b44e-d2c8-4e28-8d97-62127318d2bd,Residential Electrician,seed,Bay Area Electrical Contractors,47.81,41.81,near_fit,2,job_family_compatibility,moderate_fit,9
73b61966-365a-4b55-9729-67c219b3bc85,CA,1,904fbc7d-d495-48f0-a82f-e47f7edb8c44,Electrician — Journey Level,seed,Pacific Grid Services,17.68,18.68,ineligible,2,job_family_compatibility,low_fit,10
73b61966-365a-4b55-9729-67c219b3bc85,CA,1,ff130393-5827-4156-ba91-3d44cea084bc,Production Technician,scraper,Ball Corporation,52.33,46.33,near_fit,3,job_family_compatibility,moderate_fit,11
73b61966-365a-4b55-9729-67c219b3bc85,CA,1,28d43ff7-82dd-4d89-9dfa-79b6467b81f8,Building Automation Service Specialist I,scraper,Schneider Electric,52.19,46.19,near_fit,3,job_family_compatibility,moderate_fit,12
73b61966-365a-4b55-9729-67c219b3bc85,CA,1,fd5e0d1f-84b6-4d22-a957-63fdf5b36602,Industrial Electrician Technician,scraper,Ball Corporation,52.19,46.19,near_fit,3,job_family_compatibility,moderate_fit,13
73b61966-365a-4b55-9729-67c219b3bc85,CA,1,8289f495-863f-4244-af82-0f40d2122358,Powerline Technician - Lineman - Underground,scraper,Southwire,45.61,39.61,near_fit,3,job_family_compatibility,moderate_fit,14
73b61966-365a-4b55-9729-67c219b3bc85,CA,1,418555e6-0dd3-45f7-ba3f-2eb6faca3972,Warehouse Associate (Cor),scraper,Schneider Electric,45.48,39.48,near_fit,3,job_family_compatibility,moderate_fit,15
73df38f0-82c2-482c-84af-570a5923b7fe,GA,2,dde856d5-1a5e-449a-b28c-c621262d2fdb,Field Service Technician I,scraper,Schneider Electric,51.94,45.94,near_fit,1,job_family_compatibility,moderate_fit,1
73df38f0-82c2-482c-84af-570a5923b7fe,GA,2,d2b5bb83-b02b-43d9-9075-87bcffd426ba,System Specialist III,scraper,Schneider Electric,15.35,21.35,ineligible,1,job_family_compatibility,low_fit,2
73df38f0-82c2-482c-84af-570a5923b7fe,GA,2,6e0cf920-9cdc-40a1-a692-9191c7cde9f1,Welder,scraper,GE Vernova,60.92,54.92,near_fit,2,seniority_compatibility,good_fit,3
73df38f0-82c2-482c-84af-570a5923b7fe,GA,2,f598393a-49cf-4330-97e9-3febf3c6614a,HVAC Installer - 2nd Shift (Apprenticeship Program),employer_created,Acme Industrial,57.06,46.06,near_fit,2,job_family_compatibility,moderate_fit,4
73df38f0-82c2-482c-84af-570a5923b7fe,GA,2,88fed694-ea9b-4bfa-a0e3-7edf70bcfc1a,Materials Handler,scraper,Southwire,53.16,47.16,near_fit,2,job_family_compatibility,moderate_fit,5
73df38f0-82c2-482c-84af-570a5923b7fe,GA,2,07217a0b-d6bf-4e3f-a895-d81309df4cf2,Aircraft Mtc Surface Coat Technician,scraper,Delta Air Lines,53.09,47.09,near_fit,2,job_family_compatibility,moderate_fit,6
73df38f0-82c2-482c-84af-570a5923b7fe,GA,2,7589aba9-4d64-4d0f-83dc-238301e9777a,AMT - Avionics - Component Maintenance,scraper,Delta Air Lines,52.75,46.75,near_fit,2,job_family_compatibility,moderate_fit,7
73df38f0-82c2-482c-84af-570a5923b7fe,GA,2,01811a18-2fb7-4c0a-a7e0-15143caaf65e,Ground Maintenance Mechanic (Stationary) - ATL,scraper,Delta Air Lines,52.50,46.50,near_fit,2,job_family_compatibility,moderate_fit,8
73df38f0-82c2-482c-84af-570a5923b7fe,GA,2,219d497c-2d8d-4ea1-bfd1-da18bc79a201,Aircraft Support Mechanic,scraper,Delta Air Lines,52.50,46.50,near_fit,2,job_family_compatibility,moderate_fit,9
73df38f0-82c2-482c-84af-570a5923b7fe,GA,2,c2caf92c-6f39-4f8f-987a-817169014ab5,Aircraft Support Mechanic,scraper,Delta Air Lines,52.50,46.50,near_fit,2,job_family_compatibility,moderate_fit,10
73df38f0-82c2-482c-84af-570a5923b7fe,GA,2,88be611e-8df7-464a-91a3-fbaa826c984f,Ground Maintenance Mechanic (Motorized) - ATL,scraper,Delta Air Lines,52.44,46.44,near_fit,2,job_family_compatibility,moderate_fit,11
73df38f0-82c2-482c-84af-570a5923b7fe,GA,2,51b5fe5a-552b-48f1-8dd9-c51a3c65fbde,Aircraft Maintenance Technician 2,scraper,Delta Air Lines,52.34,46.34,near_fit,2,job_family_compatibility,moderate_fit,12
73df38f0-82c2-482c-84af-570a5923b7fe,GA,2,7be0d8c5-61fb-42e0-85e2-e57eaa3c8c92,Building Automation Technician II,scraper,Schneider Electric,51.86,45.86,near_fit,2,job_family_compatibility,moderate_fit,13
73df38f0-82c2-482c-84af-570a5923b7fe,GA,2,23cc0d4f-2f56-4972-9c03-5b87c1ff0806,Hourly Warehouse Team Member - Temporary Full-Time - Atlanta HVC (PS&L),employer_import,Ford Motor Company,51.80,45.80,near_fit,2,job_family_compatibility,moderate_fit,14
73df38f0-82c2-482c-84af-570a5923b7fe,GA,2,092dfb2b-ff27-4d1b-aa53-8719e5b2f01e,System Specialist I,scraper,Schneider Electric,51.75,45.75,near_fit,2,job_family_compatibility,moderate_fit,15
73df38f0-82c2-482c-84af-570a5923b7fe,GA,2,6c0c32de-720f-468e-9db4-98fcf35d3476,System Specialist II,scraper,Schneider Electric,51.75,45.75,near_fit,2,job_family_compatibility,moderate_fit,16
73df38f0-82c2-482c-84af-570a5923b7fe,GA,2,784960ea-8969-447d-935d-2a0e711996d6,System Specialist II,scraper,Schneider Electric,51.75,45.75,near_fit,2,job_family_compatibility,moderate_fit,17
73df38f0-82c2-482c-84af-570a5923b7fe,GA,2,9089b0d0-9bcc-4423-9a86-9ec534a5f15a,Building Automation Technician II,scraper,Schneider Electric,51.75,45.75,near_fit,2,job_family_compatibility,moderate_fit,18
73df38f0-82c2-482c-84af-570a5923b7fe,GA,2,91897402-de57-4dab-9099-843ecbb624b3,System Specialist I,scraper,Schneider Electric,51.75,45.75,near_fit,2,job_family_compatibility,moderate_fit,19
73df38f0-82c2-482c-84af-570a5923b7fe,GA,2,aa9c7ad9-821b-405c-8099-64057cbf133a,System Specialist II,scraper,Schneider Electric,51.75,45.75,near_fit,2,job_family_compatibility,moderate_fit,20
73df38f0-82c2-482c-84af-570a5923b7fe,GA,2,bd562210-99d4-4bde-8780-2e54953bf3dd,System Specialist II,scraper,Schneider Electric,51.75,45.75,near_fit,2,job_family_compatibility,moderate_fit,21
73df38f0-82c2-482c-84af-570a5923b7fe,GA,2,2d4478e8-6572-4cea-9bed-ebb35b0452ad,Field Service Representative - Secure Power/Electronic,scraper,Schneider Electric,51.12,45.12,near_fit,2,job_family_compatibility,moderate_fit,22
73df38f0-82c2-482c-84af-570a5923b7fe,GA,2,4e19e54f-bbc8-4fd7-b592-eec1b5dd3bb6,Field Service Representative - Power Distribution/Electrical,scraper,Schneider Electric,51.12,45.12,near_fit,2,job_family_compatibility,moderate_fit,23
73df38f0-82c2-482c-84af-570a5923b7fe,GA,2,a25b80fb-8867-4bcf-a7f1-659b46569740,Field Service Representative I,scraper,Schneider Electric,51.12,45.12,near_fit,2,job_family_compatibility,moderate_fit,24
73df38f0-82c2-482c-84af-570a5923b7fe,GA,2,a73a1c20-1806-418a-93c9-d8d84fa23ae3,Field Service Representative I,scraper,Schneider Electric,51.12,45.12,near_fit,2,job_family_compatibility,moderate_fit,25
73df38f0-82c2-482c-84af-570a5923b7fe,GA,2,c98f5980-0f8d-4ab0-8c1e-0b16113ef018,Field Service Representative - Power Distribution/Electrical,scraper,Schneider Electric,51.12,45.12,near_fit,2,job_family_compatibility,moderate_fit,26
73df38f0-82c2-482c-84af-570a5923b7fe,GA,2,dbcdcc74-0ea5-4c37-ad66-1bbc27f2fd34,Field Service Representative I,scraper,Schneider Electric,51.12,45.12,near_fit,2,job_family_compatibility,moderate_fit,27
73df38f0-82c2-482c-84af-570a5923b7fe,GA,2,dd301bdc-0e82-4e98-9e14-57c8247c0260,Field Service Representative - Power Distribution/Electrical,scraper,Schneider Electric,51.12,45.12,near_fit,2,job_family_compatibility,moderate_fit,28
73df38f0-82c2-482c-84af-570a5923b7fe,GA,2,5ed09f56-d309-4c8d-9513-b28283aba939,Machinist,scraper,GE Vernova,49.95,43.95,near_fit,2,job_family_compatibility,moderate_fit,29
73df38f0-82c2-482c-84af-570a5923b7fe,GA,2,129030bc-0db8-4ed9-b4c0-25583cbef1ba,Field Service Technician,scraper,Schneider Electric,49.20,43.20,near_fit,2,job_family_compatibility,moderate_fit,30
73df38f0-82c2-482c-84af-570a5923b7fe,GA,2,619f163a-21a4-402f-ab9c-510eb8b05894,Field Service Technician - HVAC/Cooling,scraper,Schneider Electric,49.20,43.20,near_fit,2,job_family_compatibility,moderate_fit,31
73df38f0-82c2-482c-84af-570a5923b7fe,GA,2,84ee4830-5a83-48d2-8872-a5a40e7f329b,Field Service Technician - HVAC/Cooling,scraper,Schneider Electric,49.20,43.20,near_fit,2,job_family_compatibility,moderate_fit,32
73df38f0-82c2-482c-84af-570a5923b7fe,GA,2,2713d0f9-14c5-40f6-b6d4-8c648816908e,Production Technician,scraper,Ball Corporation,53.62,47.62,near_fit,3,job_family_compatibility,moderate_fit,33
73df38f0-82c2-482c-84af-570a5923b7fe,GA,2,6b516d60-f9b8-449c-a7f4-b4a140372932,Order Filler,scraper,Southwire,53.35,47.35,near_fit,3,job_family_compatibility,moderate_fit,34
73df38f0-82c2-482c-84af-570a5923b7fe,GA,2,3a49304e-d302-4423-a97a-4f65ef8ac44d,Machinist millwright,scraper,Ball Corporation,52.78,46.78,near_fit,3,job_family_compatibility,moderate_fit,35
73df38f0-82c2-482c-84af-570a5923b7fe,GA,2,050f299a-3320-4e53-91aa-e93418d2ab99,Buncher Operator II,employer_import,Southwire,52.73,46.73,near_fit,3,job_family_compatibility,moderate_fit,36
73df38f0-82c2-482c-84af-570a5923b7fe,GA,2,7b12cd8f-f67a-4e7c-8890-2a3b1edbe2b7,Extruder Operator II (2nd Shift),employer_import,Southwire,52.73,46.73,near_fit,3,job_family_compatibility,moderate_fit,37
73df38f0-82c2-482c-84af-570a5923b7fe,GA,2,d2b34f76-7d66-4bee-bcb0-269bbb7d0f75,Take-up Operator I,scraper,Southwire,52.70,46.70,near_fit,3,job_family_compatibility,moderate_fit,38
73df38f0-82c2-482c-84af-570a5923b7fe,GA,2,0336a541-1cd7-4970-b181-33a30857fa4c,Armoring Machine Operator,scraper,Southwire,52.66,46.66,near_fit,3,job_family_compatibility,moderate_fit,39
73df38f0-82c2-482c-84af-570a5923b7fe,GA,2,609a49ef-4f83-4ef1-a315-0debfc1faa16,"Operator, Take Up I",scraper,Southwire,52.66,46.66,near_fit,3,job_family_compatibility,moderate_fit,40
73df38f0-82c2-482c-84af-570a5923b7fe,GA,2,67b5286c-436e-453c-aefb-acc7d5793715,Armoring Machine Operator,employer_import,Southwire,52.66,46.66,near_fit,3,job_family_compatibility,moderate_fit,41
73df38f0-82c2-482c-84af-570a5923b7fe,GA,2,97e3ae11-f613-41dd-adca-c8d1e4d5cdaa,"Operator, Take Up I",scraper,Southwire,52.66,46.66,near_fit,3,job_family_compatibility,moderate_fit,42
73df38f0-82c2-482c-84af-570a5923b7fe,GA,2,dd3d814c-135d-4c3a-9dfc-fd6607803797,Armoring Machine Operator,scraper,Southwire,52.66,46.66,near_fit,3,job_family_compatibility,moderate_fit,43
73df38f0-82c2-482c-84af-570a5923b7fe,GA,2,8e1eb9a8-1dea-4839-8b5b-98dcc8d257e9,Machinist I,scraper,Southwire,52.65,46.65,near_fit,3,job_family_compatibility,moderate_fit,44
73df38f0-82c2-482c-84af-570a5923b7fe,GA,2,2f35d354-c982-4f31-b4fe-ea388c7854ae,"Operator, Extruder II",scraper,Southwire,52.64,46.64,near_fit,3,job_family_compatibility,moderate_fit,45
73df38f0-82c2-482c-84af-570a5923b7fe,GA,2,3ecaaebf-ef87-4111-bb8d-13ee3cdabd7b,Extruder Operator II,scraper,Southwire,52.64,46.64,near_fit,3,job_family_compatibility,moderate_fit,46
73df38f0-82c2-482c-84af-570a5923b7fe,GA,2,92590e54-154b-4c57-bb63-9474a07ed6f7,Warehouse Associate Manufacturing II,scraper,Southwire,52.63,46.63,near_fit,3,job_family_compatibility,moderate_fit,47
73df38f0-82c2-482c-84af-570a5923b7fe,GA,2,bf6b4bf7-bb1c-4622-ba58-0f138afba361,Warehouse Associate Manufacturing II,scraper,Southwire,52.63,46.63,near_fit,3,job_family_compatibility,moderate_fit,48
73df38f0-82c2-482c-84af-570a5923b7fe,GA,2,6a2fad85-24bd-4ef0-96c2-b87f6416fc5c,"Operator, Drawing I",scraper,Southwire,52.62,46.62,near_fit,3,job_family_compatibility,moderate_fit,49
73df38f0-82c2-482c-84af-570a5923b7fe,GA,2,c5c038f7-28c1-4d3d-8c12-933878644fc1,Warehouse Associate Manufacturing II,scraper,Southwire,52.62,46.62,near_fit,3,job_family_compatibility,moderate_fit,50
747a73b1-7feb-495a-887c-6a5617753412,HI,1,e59950c8-3322-4281-a0b4-a3cdcef0c8af,Material Handler,scraper,Ball Corporation,47.80,41.80,near_fit,2,job_family_compatibility,moderate_fit,1
74b7dfa1-1921-44ac-8ccc-633add416ff9,GA,2,d2b5bb83-b02b-43d9-9075-87bcffd426ba,System Specialist III,scraper,Schneider Electric,15.28,21.28,ineligible,1,job_family_compatibility,low_fit,1
74b7dfa1-1921-44ac-8ccc-633add416ff9,GA,2,1bf0ac7a-e529-4e85-9cdb-5bea8e082fd1,Electronic Technician,scraper,Southwire,59.69,53.69,near_fit,2,seniority_compatibility,moderate_fit,2
74b7dfa1-1921-44ac-8ccc-633add416ff9,GA,2,34db19d2-d22c-420b-9ca4-3a0b96da2fae,"Technician, Electronic",scraper,Southwire,59.63,53.63,near_fit,2,seniority_compatibility,moderate_fit,3
74b7dfa1-1921-44ac-8ccc-633add416ff9,GA,2,f598393a-49cf-4330-97e9-3febf3c6614a,HVAC Installer - 2nd Shift (Apprenticeship Program),employer_created,Acme Industrial,57.06,46.06,near_fit,2,job_family_compatibility,moderate_fit,4
74b7dfa1-1921-44ac-8ccc-633add416ff9,GA,2,619f163a-21a4-402f-ab9c-510eb8b05894,Field Service Technician - HVAC/Cooling,scraper,Schneider Electric,52.05,46.05,near_fit,2,job_family_compatibility,moderate_fit,5
74b7dfa1-1921-44ac-8ccc-633add416ff9,GA,2,84ee4830-5a83-48d2-8872-a5a40e7f329b,Field Service Technician - HVAC/Cooling,scraper,Schneider Electric,52.05,46.05,near_fit,2,job_family_compatibility,moderate_fit,6
74b7dfa1-1921-44ac-8ccc-633add416ff9,GA,2,7be0d8c5-61fb-42e0-85e2-e57eaa3c8c92,Building Automation Technician II,scraper,Schneider Electric,51.70,45.70,near_fit,2,job_family_compatibility,moderate_fit,7
74b7dfa1-1921-44ac-8ccc-633add416ff9,GA,2,6c0c32de-720f-468e-9db4-98fcf35d3476,System Specialist II,scraper,Schneider Electric,51.62,45.62,near_fit,2,job_family_compatibility,moderate_fit,8
74b7dfa1-1921-44ac-8ccc-633add416ff9,GA,2,092dfb2b-ff27-4d1b-aa53-8719e5b2f01e,System Specialist I,scraper,Schneider Electric,51.59,45.59,near_fit,2,job_family_compatibility,moderate_fit,9
74b7dfa1-1921-44ac-8ccc-633add416ff9,GA,2,784960ea-8969-447d-935d-2a0e711996d6,System Specialist II,scraper,Schneider Electric,51.59,45.59,near_fit,2,job_family_compatibility,moderate_fit,10
74b7dfa1-1921-44ac-8ccc-633add416ff9,GA,2,9089b0d0-9bcc-4423-9a86-9ec534a5f15a,Building Automation Technician II,scraper,Schneider Electric,51.59,45.59,near_fit,2,job_family_compatibility,moderate_fit,11
74b7dfa1-1921-44ac-8ccc-633add416ff9,GA,2,91897402-de57-4dab-9099-843ecbb624b3,System Specialist I,scraper,Schneider Electric,51.59,45.59,near_fit,2,job_family_compatibility,moderate_fit,12
74b7dfa1-1921-44ac-8ccc-633add416ff9,GA,2,aa9c7ad9-821b-405c-8099-64057cbf133a,System Specialist II,scraper,Schneider Electric,51.59,45.59,near_fit,2,job_family_compatibility,moderate_fit,13
74b7dfa1-1921-44ac-8ccc-633add416ff9,GA,2,bd562210-99d4-4bde-8780-2e54953bf3dd,System Specialist II,scraper,Schneider Electric,51.59,45.59,near_fit,2,job_family_compatibility,moderate_fit,14
74b7dfa1-1921-44ac-8ccc-633add416ff9,GA,2,6e0cf920-9cdc-40a1-a692-9191c7cde9f1,Welder,scraper,GE Vernova,52.38,46.38,near_fit,3,job_family_compatibility,moderate_fit,15
7588b302-270a-4215-8734-92d1858c3d47,IL,1,fc5c1942-f214-48df-971b-7037fe3e837b,Warehouse Specialist,scraper,Southwire,52.04,46.04,near_fit,2,job_family_compatibility,moderate_fit,1
7588b302-270a-4215-8734-92d1858c3d47,IL,1,261a3edb-0c61-4e40-9158-f20534009c48,"Hourly Production Team Member - Temporary Full Time - Chicago, IL",scraper,Ford Motor Company,50.67,44.67,near_fit,2,job_family_compatibility,moderate_fit,2
7588b302-270a-4215-8734-92d1858c3d47,IL,1,49901a3c-4bf5-43a9-95ff-55190786efcd,Field Service Representative,scraper,Schneider Electric,50.03,44.03,near_fit,2,job_family_compatibility,moderate_fit,3
7588b302-270a-4215-8734-92d1858c3d47,IL,1,73c15577-8c61-4e8c-9320-8d11d8918722,Systems Field Service Representative - Chicago,scraper,Schneider Electric,50.03,44.03,near_fit,2,job_family_compatibility,moderate_fit,4
7588b302-270a-4215-8734-92d1858c3d47,IL,1,268dd605-3bff-4563-ab00-de5ff47358a1,Field Service Representative,scraper,Schneider Electric,50.00,44.00,near_fit,2,job_family_compatibility,moderate_fit,5
7588b302-270a-4215-8734-92d1858c3d47,IL,1,738888d5-42a6-46d6-a8f2-415f663dda9f,Field Service Representative - Secure Power/Electronic,scraper,Schneider Electric,50.00,44.00,near_fit,2,job_family_compatibility,moderate_fit,6
7588b302-270a-4215-8734-92d1858c3d47,IL,1,fcace57a-06c3-4e68-8e04-6b1157ecad61,BMS Service Account Executive,scraper,Schneider Electric,44.49,38.49,near_fit,3,job_family_compatibility,moderate_fit,7
764a2cc8-bf77-497b-8bd6-d7a35199e0eb,GA,2,dde856d5-1a5e-449a-b28c-c621262d2fdb,Field Service Technician I,scraper,Schneider Electric,51.47,45.47,near_fit,1,job_family_compatibility,moderate_fit,1
764a2cc8-bf77-497b-8bd6-d7a35199e0eb,GA,2,88fed694-ea9b-4bfa-a0e3-7edf70bcfc1a,Materials Handler,scraper,Southwire,53.16,47.16,near_fit,2,job_family_compatibility,moderate_fit,2
764a2cc8-bf77-497b-8bd6-d7a35199e0eb,GA,2,219d497c-2d8d-4ea1-bfd1-da18bc79a201,Aircraft Support Mechanic,scraper,Delta Air Lines,52.36,46.36,near_fit,2,job_family_compatibility,moderate_fit,3
764a2cc8-bf77-497b-8bd6-d7a35199e0eb,GA,2,c2caf92c-6f39-4f8f-987a-817169014ab5,Aircraft Support Mechanic,scraper,Delta Air Lines,52.36,46.36,near_fit,2,job_family_compatibility,moderate_fit,4
764a2cc8-bf77-497b-8bd6-d7a35199e0eb,GA,2,6b516d60-f9b8-449c-a7f4-b4a140372932,Order Filler,scraper,Southwire,53.35,47.35,near_fit,3,job_family_compatibility,moderate_fit,5
764a2cc8-bf77-497b-8bd6-d7a35199e0eb,GA,2,92590e54-154b-4c57-bb63-9474a07ed6f7,Warehouse Associate Manufacturing II,scraper,Southwire,52.63,46.63,near_fit,3,job_family_compatibility,moderate_fit,6
764a2cc8-bf77-497b-8bd6-d7a35199e0eb,GA,2,bf6b4bf7-bb1c-4622-ba58-0f138afba361,Warehouse Associate Manufacturing II,scraper,Southwire,52.63,46.63,near_fit,3,job_family_compatibility,moderate_fit,7
764a2cc8-bf77-497b-8bd6-d7a35199e0eb,GA,2,c5c038f7-28c1-4d3d-8c12-933878644fc1,Warehouse Associate Manufacturing II,scraper,Southwire,52.62,46.62,near_fit,3,job_family_compatibility,moderate_fit,8
764a2cc8-bf77-497b-8bd6-d7a35199e0eb,GA,2,6e0cf920-9cdc-40a1-a692-9191c7cde9f1,Welder,scraper,GE Vernova,51.92,45.92,near_fit,3,job_family_compatibility,moderate_fit,9
7869ea8b-e852-4618-9b03-663623d809e9,AL,1,946b1c6d-9602-49c2-9e41-76a8da8db0fa,Machine Operator EG,scraper,Southwire,47.07,41.07,near_fit,2,job_family_compatibility,moderate_fit,1
7869ea8b-e852-4618-9b03-663623d809e9,AL,1,334c520d-9f9d-4ba6-b719-3ba479d79642,Warehouse Associate Manufacturing II,scraper,Southwire,47.04,41.04,near_fit,3,job_family_compatibility,moderate_fit,2
79d6899f-2e40-4a80-93a8-c69dc958e60c,IA,2,ad9ace0a-35e9-4b3a-945f-ea189fa9909a,High Voltage Technician III,scraper,GE Vernova,15.69,21.69,ineligible,2,job_family_compatibility,low_fit,1
7af62734-61fa-4b6d-bfc1-351fbc3ff47d,ID,1,b02f1e6a-a061-457e-bc5d-4660236b7507,"Wind Hub Technician - Idaho 1 (Idaho Falls, ID)",scraper,GE Vernova,50.69,44.69,near_fit,3,job_family_compatibility,moderate_fit,1
7bdd6ca0-029d-4744-aab5-e24bc00dbede,FL,1,f49de743-0a5c-466f-aa6e-85a5e1abb8bf,Field Service Technician,scraper,GE Vernova,54.23,48.23,near_fit,2,job_family_compatibility,moderate_fit,1
7bdd6ca0-029d-4744-aab5-e24bc00dbede,FL,1,aa811a27-0a08-4d88-a8ac-5eb9574db89b,GE Vernova Project Management Specialist,scraper,GE Vernova,53.81,47.81,near_fit,2,job_family_compatibility,moderate_fit,2
7bdd6ca0-029d-4744-aab5-e24bc00dbede,FL,1,30461847-21a9-44c4-a4e8-e702395d0552,Field Service Technician-2,scraper,GE Vernova,53.13,47.13,near_fit,2,job_family_compatibility,moderate_fit,3
7bdd6ca0-029d-4744-aab5-e24bc00dbede,FL,1,4f09ba62-f310-4d0e-820d-c4046877a994,Field Service Technician-1,scraper,GE Vernova,53.13,47.13,near_fit,2,job_family_compatibility,moderate_fit,4
7bdd6ca0-029d-4744-aab5-e24bc00dbede,FL,1,bc17abfe-738c-446e-b265-c2ab66dc5db5,Material Handler,scraper,Ball Corporation,50.46,44.46,near_fit,2,job_family_compatibility,moderate_fit,5
7bdd6ca0-029d-4744-aab5-e24bc00dbede,FL,1,0cf3e86d-7b7b-49b5-b0e7-95f732a9356b,Service Representative - ASCO - Miami,scraper,Schneider Electric,50.03,44.03,near_fit,2,job_family_compatibility,moderate_fit,6
7bdd6ca0-029d-4744-aab5-e24bc00dbede,FL,1,b9112c8c-6881-4ed1-8e11-5631d7599fd3,Senior Field Service Representative,scraper,Schneider Electric,50.03,44.03,near_fit,2,job_family_compatibility,moderate_fit,7
7bdd6ca0-029d-4744-aab5-e24bc00dbede,FL,1,d6ce56c8-37c1-4825-9f1c-6a380cc955c6,Service Representative - ASCO - Tallahassee,scraper,Schneider Electric,50.03,44.03,near_fit,2,job_family_compatibility,moderate_fit,8
7bdd6ca0-029d-4744-aab5-e24bc00dbede,FL,1,b0677759-9c1d-478f-8e04-71c859b8420f,Field Service Representative,scraper,Schneider Electric,50.00,44.00,near_fit,2,job_family_compatibility,moderate_fit,9
7bdd6ca0-029d-4744-aab5-e24bc00dbede,FL,1,20c6eb5b-170a-4a62-9a6d-914ebb2d054c,Tooling & Maintenance Specialist - Night Shift,scraper,Ball Corporation,14.68,20.68,ineligible,2,job_family_compatibility,low_fit,10
7bdd6ca0-029d-4744-aab5-e24bc00dbede,FL,1,d4217303-4874-4b65-8c4f-23b62efe1802,Production Technician,scraper,Ball Corporation,52.60,46.60,near_fit,3,job_family_compatibility,moderate_fit,11
7bdd6ca0-029d-4744-aab5-e24bc00dbede,FL,1,a50ce27e-34e7-4a00-821d-3066412287bf,"Materials Leader (Pensacola, FL)",scraper,GE Vernova,50.53,44.53,near_fit,3,job_family_compatibility,moderate_fit,12
7bedbb0d-e195-4210-baca-6a7845d4ce84,AL,2,334c520d-9f9d-4ba6-b719-3ba479d79642,Warehouse Associate Manufacturing II,scraper,Southwire,52.63,46.63,near_fit,3,job_family_compatibility,moderate_fit,1
7c2e1cd0-6f55-463e-b08a-0ad48e20be21,AK,1,c94f3763-7c07-414c-9f9c-c1b8f9280c7a,"Lead Senior Wind Hub Technician - Fire Island (Anchorage, AK)",scraper,GE Vernova,15.17,21.17,ineligible,2,job_family_compatibility,low_fit,1
7c30be7b-edb7-499c-8e52-5f14962095a4,AK,2,c94f3763-7c07-414c-9f9c-c1b8f9280c7a,"Lead Senior Wind Hub Technician - Fire Island (Anchorage, AK)",scraper,GE Vernova,15.82,21.82,ineligible,2,job_family_compatibility,low_fit,1
7d1586e2-fb88-4fd6-b451-dab5876ca5d0,ID,1,b02f1e6a-a061-457e-bc5d-4660236b7507,"Wind Hub Technician - Idaho 1 (Idaho Falls, ID)",scraper,GE Vernova,50.69,44.69,near_fit,3,job_family_compatibility,moderate_fit,1
7e417d63-93df-4ace-81d6-4611e60208ff,AL,2,946b1c6d-9602-49c2-9e41-76a8da8db0fa,Machine Operator EG,scraper,Southwire,53.20,47.20,near_fit,2,job_family_compatibility,moderate_fit,1
7e417d63-93df-4ace-81d6-4611e60208ff,AL,2,334c520d-9f9d-4ba6-b719-3ba479d79642,Warehouse Associate Manufacturing II,scraper,Southwire,52.63,46.63,near_fit,3,job_family_compatibility,moderate_fit,2
7f86a286-6879-4a37-979b-983ce8c908d4,IA,2,8e06db2f-46d1-4c95-9260-54d0d5bf7939,Production Operator,scraper,Schneider Electric,54.84,48.84,near_fit,2,job_family_compatibility,moderate_fit,1
7f86a286-6879-4a37-979b-983ce8c908d4,IA,2,ee77e28f-dc40-4a0f-92eb-f49562febe70,Manufacturing Production Worker,scraper,Schneider Electric,51.80,45.80,near_fit,2,job_family_compatibility,moderate_fit,2
7f86a286-6879-4a37-979b-983ce8c908d4,IA,2,ad9ace0a-35e9-4b3a-945f-ea189fa9909a,High Voltage Technician III,scraper,GE Vernova,15.69,21.69,ineligible,2,job_family_compatibility,low_fit,3
7f86a286-6879-4a37-979b-983ce8c908d4,IA,2,df73ef56-a006-40de-ba19-b61ebe2c0704,Manufacturing Production Worker,scraper,Schneider Electric,53.35,47.35,near_fit,3,job_family_compatibility,moderate_fit,4
7f86a286-6879-4a37-979b-983ce8c908d4,IA,2,31d4ed44-8500-44fe-8e98-8926fa2dc95a,Quality Technician - 2nd Shift,scraper,Schneider Electric,49.84,43.84,near_fit,3,job_family_compatibility,moderate_fit,5
7f86a286-6879-4a37-979b-983ce8c908d4,IA,2,a739d570-4a41-4688-a355-cfa5fc8a8192,Quality Technician - 3rd Shift,scraper,Schneider Electric,49.84,43.84,near_fit,3,job_family_compatibility,moderate_fit,6
80015bdd-e50e-467e-8121-a2e10b5640b6,CA,2,ee7da4c4-6f75-482f-a406-24c03d68ca9a,Electrical Apprentice,seed,Pacific Grid Services,66.30,55.30,near_fit,1,required_credential_compatibility,good_fit,1
80015bdd-e50e-467e-8121-a2e10b5640b6,CA,2,2815b44e-d2c8-4e28-8d97-62127318d2bd,Residential Electrician,seed,Bay Area Electrical Contractors,59.96,53.96,near_fit,1,required_credential_compatibility,moderate_fit,2
80015bdd-e50e-467e-8121-a2e10b5640b6,CA,2,904fbc7d-d495-48f0-a82f-e47f7edb8c44,Electrician — Journey Level,seed,Pacific Grid Services,23.27,24.27,ineligible,1,seniority_compatibility,low_fit,3
80015bdd-e50e-467e-8121-a2e10b5640b6,CA,2,fd5e0d1f-84b6-4d22-a957-63fdf5b36602,Industrial Electrician Technician,scraper,Ball Corporation,62.55,56.55,near_fit,2,seniority_compatibility,good_fit,4
80015bdd-e50e-467e-8121-a2e10b5640b6,CA,2,8289f495-863f-4244-af82-0f40d2122358,Powerline Technician - Lineman - Underground,scraper,Southwire,55.89,49.89,near_fit,2,seniority_compatibility,moderate_fit,5
80015bdd-e50e-467e-8121-a2e10b5640b6,CA,2,53f24894-9291-47ae-8284-33c3ab646baa,Service Specialist II,scraper,Schneider Electric,51.71,45.71,near_fit,2,job_family_compatibility,moderate_fit,6
815136ba-33db-4fe5-8cd8-f4266699d23b,AL,2,946b1c6d-9602-49c2-9e41-76a8da8db0fa,Machine Operator EG,scraper,Southwire,53.66,47.66,near_fit,2,job_family_compatibility,moderate_fit,1
819cd54f-7737-4a11-a8a1-e68e7ec45af9,AR,2,c1557174-f263-4b94-acae-541575223397,Field Service Technician - HVAC/Cooling,scraper,Schneider Electric,51.71,45.71,near_fit,2,job_family_compatibility,moderate_fit,1
819cd54f-7737-4a11-a8a1-e68e7ec45af9,AR,2,b5eb6630-f8fa-4f4b-8b46-df30db6d53b0,Field Service Representative,scraper,Schneider Electric,51.12,45.12,near_fit,2,job_family_compatibility,moderate_fit,2
8203a530-24ed-4c3d-a731-60b526039e92,HI,1,e59950c8-3322-4281-a0b4-a3cdcef0c8af,Material Handler,scraper,Ball Corporation,51.74,45.74,near_fit,2,job_family_compatibility,moderate_fit,1
8280b670-1296-4552-beb6-f034ba06f520,AR,2,c1557174-f263-4b94-acae-541575223397,Field Service Technician - HVAC/Cooling,scraper,Schneider Electric,51.27,45.27,near_fit,2,job_family_compatibility,moderate_fit,1
838a09bf-d7f8-4407-9310-a2d3034c8f1d,IL,2,fcace57a-06c3-4e68-8e04-6b1157ecad61,BMS Service Account Executive,scraper,Schneider Electric,46.07,40.07,near_fit,3,job_family_compatibility,moderate_fit,1
83e5ce57-dc46-45f4-aa36-45ead24f40ad,AK,1,c94f3763-7c07-414c-9f9c-c1b8f9280c7a,"Lead Senior Wind Hub Technician - Fire Island (Anchorage, AK)",scraper,GE Vernova,15.17,21.17,ineligible,2,job_family_compatibility,low_fit,1
85c951dc-3332-4b76-b6ee-14d4d32d7685,AZ,1,398da005-863a-485c-a972-f555fcc71f5e,Field Service Representative - Drives/Industry,scraper,Schneider Electric,52.35,46.35,near_fit,1,job_family_compatibility,moderate_fit,1
85c951dc-3332-4b76-b6ee-14d4d32d7685,AZ,1,cc8866c0-fd8c-4ec4-8c76-6d222ef7b305,Quality Inspector,scraper,Schneider Electric,50.48,44.48,near_fit,1,job_family_compatibility,moderate_fit,2
85c951dc-3332-4b76-b6ee-14d4d32d7685,AZ,1,f11111cd-0177-4bbc-a032-82cde1e21e4c,Quality Inspector,scraper,Schneider Electric,50.48,44.48,near_fit,1,job_family_compatibility,moderate_fit,3
85c951dc-3332-4b76-b6ee-14d4d32d7685,AZ,1,ced66e0d-fea0-4c45-a6b0-03b0c7d3993c,Production Supervisor,scraper,Schneider Electric,14.85,20.85,ineligible,1,job_family_compatibility,low_fit,4
85c951dc-3332-4b76-b6ee-14d4d32d7685,AZ,1,abb0d5f2-47b2-4d88-99e3-319caef8a27c,Manufacturing Cell Lead (2nd Shift),scraper,Schneider Electric,14.78,20.78,ineligible,1,job_family_compatibility,low_fit,5
85c951dc-3332-4b76-b6ee-14d4d32d7685,AZ,1,95614908-a096-4942-98c5-186ebfeb031f,HVAC-Electrical Technician,seed,Southwest Electric & HVAC,52.08,46.08,near_fit,2,job_family_compatibility,moderate_fit,6
85c951dc-3332-4b76-b6ee-14d4d32d7685,AZ,1,392f14b7-7f5d-4e24-a95c-91318ad5e80b,Field Service Representative - HVAC/Cooling,scraper,Schneider Electric,50.74,44.74,near_fit,2,job_family_compatibility,moderate_fit,7
85c951dc-3332-4b76-b6ee-14d4d32d7685,AZ,1,f39b2b0c-778f-47c5-8f6d-4b9353db57a6,Field Service Representative,scraper,Schneider Electric,50.03,44.03,near_fit,2,job_family_compatibility,moderate_fit,8
85c951dc-3332-4b76-b6ee-14d4d32d7685,AZ,1,5b7de9fd-608f-4751-bf57-ea7f12da966f,Continuous Improvement Leader,scraper,Schneider Electric,48.42,42.42,near_fit,2,job_family_compatibility,moderate_fit,9
85c951dc-3332-4b76-b6ee-14d4d32d7685,AZ,1,707c18e2-5cba-4985-8dd6-26b3a8a60a95,Maintenance Mechanic,scraper,Ball Corporation,50.23,44.23,near_fit,3,job_family_compatibility,moderate_fit,10
86cc76d4-b025-46d1-889a-d68dee5c10c5,AZ,2,abb0d5f2-47b2-4d88-99e3-319caef8a27c,Manufacturing Cell Lead (2nd Shift),scraper,Schneider Electric,15.31,21.31,ineligible,1,job_family_compatibility,low_fit,1
86cc76d4-b025-46d1-889a-d68dee5c10c5,AZ,2,95614908-a096-4942-98c5-186ebfeb031f,HVAC-Electrical Technician,seed,Southwest Electric & HVAC,53.20,47.20,near_fit,2,job_family_compatibility,moderate_fit,2
86cc76d4-b025-46d1-889a-d68dee5c10c5,AZ,2,392f14b7-7f5d-4e24-a95c-91318ad5e80b,Field Service Representative - HVAC/Cooling,scraper,Schneider Electric,51.87,45.87,near_fit,2,job_family_compatibility,moderate_fit,3
86cc76d4-b025-46d1-889a-d68dee5c10c5,AZ,2,5b7de9fd-608f-4751-bf57-ea7f12da966f,Continuous Improvement Leader,scraper,Schneider Electric,49.55,43.55,near_fit,2,job_family_compatibility,moderate_fit,4
8781bb1a-d9ec-4f3a-8999-fb682df7e852,HI,2,e59950c8-3322-4281-a0b4-a3cdcef0c8af,Material Handler,scraper,Ball Corporation,52.37,46.37,near_fit,2,job_family_compatibility,moderate_fit,1
884fae25-9f6b-4d37-87d0-91967c48a3ee,IL,2,fc5c1942-f214-48df-971b-7037fe3e837b,Warehouse Specialist,scraper,Southwire,53.16,47.16,near_fit,2,job_family_compatibility,moderate_fit,1
884fae25-9f6b-4d37-87d0-91967c48a3ee,IL,2,261a3edb-0c61-4e40-9158-f20534009c48,"Hourly Production Team Member - Temporary Full Time - Chicago, IL",scraper,Ford Motor Company,51.80,45.80,near_fit,2,job_family_compatibility,moderate_fit,2
884fae25-9f6b-4d37-87d0-91967c48a3ee,IL,2,49901a3c-4bf5-43a9-95ff-55190786efcd,Field Service Representative,scraper,Schneider Electric,51.16,45.16,near_fit,2,job_family_compatibility,moderate_fit,3
884fae25-9f6b-4d37-87d0-91967c48a3ee,IL,2,73c15577-8c61-4e8c-9320-8d11d8918722,Systems Field Service Representative - Chicago,scraper,Schneider Electric,51.16,45.16,near_fit,2,job_family_compatibility,moderate_fit,4
884fae25-9f6b-4d37-87d0-91967c48a3ee,IL,2,268dd605-3bff-4563-ab00-de5ff47358a1,Field Service Representative,scraper,Schneider Electric,51.12,45.12,near_fit,2,job_family_compatibility,moderate_fit,5
884fae25-9f6b-4d37-87d0-91967c48a3ee,IL,2,738888d5-42a6-46d6-a8f2-415f663dda9f,Field Service Representative - Secure Power/Electronic,scraper,Schneider Electric,51.12,45.12,near_fit,2,job_family_compatibility,moderate_fit,6
884fae25-9f6b-4d37-87d0-91967c48a3ee,IL,2,fcace57a-06c3-4e68-8e04-6b1157ecad61,BMS Service Account Executive,scraper,Schneider Electric,45.61,39.61,near_fit,3,job_family_compatibility,moderate_fit,7
8a3cce99-3450-4de3-bc3e-0fbc03451255,AZ,1,398da005-863a-485c-a972-f555fcc71f5e,Field Service Representative - Drives/Industry,scraper,Schneider Electric,52.35,46.35,near_fit,1,job_family_compatibility,moderate_fit,1
8a3cce99-3450-4de3-bc3e-0fbc03451255,AZ,1,cc8866c0-fd8c-4ec4-8c76-6d222ef7b305,Quality Inspector,scraper,Schneider Electric,50.48,44.48,near_fit,1,job_family_compatibility,moderate_fit,2
8a3cce99-3450-4de3-bc3e-0fbc03451255,AZ,1,f11111cd-0177-4bbc-a032-82cde1e21e4c,Quality Inspector,scraper,Schneider Electric,50.48,44.48,near_fit,1,job_family_compatibility,moderate_fit,3
8a3cce99-3450-4de3-bc3e-0fbc03451255,AZ,1,ced66e0d-fea0-4c45-a6b0-03b0c7d3993c,Production Supervisor,scraper,Schneider Electric,14.85,20.85,ineligible,1,job_family_compatibility,low_fit,4
8a3cce99-3450-4de3-bc3e-0fbc03451255,AZ,1,abb0d5f2-47b2-4d88-99e3-319caef8a27c,Manufacturing Cell Lead (2nd Shift),scraper,Schneider Electric,14.78,20.78,ineligible,1,job_family_compatibility,low_fit,5
8a3cce99-3450-4de3-bc3e-0fbc03451255,AZ,1,95614908-a096-4942-98c5-186ebfeb031f,HVAC-Electrical Technician,seed,Southwest Electric & HVAC,52.08,46.08,near_fit,2,job_family_compatibility,moderate_fit,6
8a3cce99-3450-4de3-bc3e-0fbc03451255,AZ,1,f39b2b0c-778f-47c5-8f6d-4b9353db57a6,Field Service Representative,scraper,Schneider Electric,50.03,44.03,near_fit,2,job_family_compatibility,moderate_fit,7
8a3cce99-3450-4de3-bc3e-0fbc03451255,AZ,1,5b7de9fd-608f-4751-bf57-ea7f12da966f,Continuous Improvement Leader,scraper,Schneider Electric,48.42,42.42,near_fit,2,job_family_compatibility,moderate_fit,8
8a3cce99-3450-4de3-bc3e-0fbc03451255,AZ,1,392f14b7-7f5d-4e24-a95c-91318ad5e80b,Field Service Representative - HVAC/Cooling,scraper,Schneider Electric,48.07,42.07,near_fit,2,job_family_compatibility,moderate_fit,9
8a3cce99-3450-4de3-bc3e-0fbc03451255,AZ,1,707c18e2-5cba-4985-8dd6-26b3a8a60a95,Maintenance Mechanic,scraper,Ball Corporation,50.23,44.23,near_fit,3,job_family_compatibility,moderate_fit,10
8abf32fb-35ac-49bf-8f34-2c0a16b47ad4,AL,2,946b1c6d-9602-49c2-9e41-76a8da8db0fa,Machine Operator EG,scraper,Southwire,53.20,47.20,near_fit,2,job_family_compatibility,moderate_fit,1
8abf32fb-35ac-49bf-8f34-2c0a16b47ad4,AL,2,334c520d-9f9d-4ba6-b719-3ba479d79642,Warehouse Associate Manufacturing II,scraper,Southwire,52.63,46.63,near_fit,3,job_family_compatibility,moderate_fit,2
8b035ff6-3a1d-415e-a2f2-82c8b63e63e9,FL,2,f49de743-0a5c-466f-aa6e-85a5e1abb8bf,Field Service Technician,scraper,GE Vernova,55.36,49.36,near_fit,2,job_family_compatibility,moderate_fit,1
8b035ff6-3a1d-415e-a2f2-82c8b63e63e9,FL,2,aa811a27-0a08-4d88-a8ac-5eb9574db89b,GE Vernova Project Management Specialist,scraper,GE Vernova,54.94,48.94,near_fit,2,job_family_compatibility,moderate_fit,2
8b035ff6-3a1d-415e-a2f2-82c8b63e63e9,FL,2,30461847-21a9-44c4-a4e8-e702395d0552,Field Service Technician-2,scraper,GE Vernova,54.26,48.26,near_fit,2,job_family_compatibility,moderate_fit,3
8b035ff6-3a1d-415e-a2f2-82c8b63e63e9,FL,2,4f09ba62-f310-4d0e-820d-c4046877a994,Field Service Technician-1,scraper,GE Vernova,54.26,48.26,near_fit,2,job_family_compatibility,moderate_fit,4
8b035ff6-3a1d-415e-a2f2-82c8b63e63e9,FL,2,bc17abfe-738c-446e-b265-c2ab66dc5db5,Material Handler,scraper,Ball Corporation,51.59,45.59,near_fit,2,job_family_compatibility,moderate_fit,5
8b035ff6-3a1d-415e-a2f2-82c8b63e63e9,FL,2,0cf3e86d-7b7b-49b5-b0e7-95f732a9356b,Service Representative - ASCO - Miami,scraper,Schneider Electric,51.16,45.16,near_fit,2,job_family_compatibility,moderate_fit,6
8b035ff6-3a1d-415e-a2f2-82c8b63e63e9,FL,2,b9112c8c-6881-4ed1-8e11-5631d7599fd3,Senior Field Service Representative,scraper,Schneider Electric,51.16,45.16,near_fit,2,job_family_compatibility,moderate_fit,7
8b035ff6-3a1d-415e-a2f2-82c8b63e63e9,FL,2,d6ce56c8-37c1-4825-9f1c-6a380cc955c6,Service Representative - ASCO - Tallahassee,scraper,Schneider Electric,51.16,45.16,near_fit,2,job_family_compatibility,moderate_fit,8
8b035ff6-3a1d-415e-a2f2-82c8b63e63e9,FL,2,b0677759-9c1d-478f-8e04-71c859b8420f,Field Service Representative,scraper,Schneider Electric,51.12,45.12,near_fit,2,job_family_compatibility,moderate_fit,9
8b035ff6-3a1d-415e-a2f2-82c8b63e63e9,FL,2,20c6eb5b-170a-4a62-9a6d-914ebb2d054c,Tooling & Maintenance Specialist - Night Shift,scraper,Ball Corporation,15.20,21.20,ineligible,2,job_family_compatibility,low_fit,10
8b035ff6-3a1d-415e-a2f2-82c8b63e63e9,FL,2,d4217303-4874-4b65-8c4f-23b62efe1802,Production Technician,scraper,Ball Corporation,53.72,47.72,near_fit,3,job_family_compatibility,moderate_fit,11
8b035ff6-3a1d-415e-a2f2-82c8b63e63e9,FL,2,a50ce27e-34e7-4a00-821d-3066412287bf,"Materials Leader (Pensacola, FL)",scraper,GE Vernova,51.66,45.66,near_fit,3,job_family_compatibility,moderate_fit,12
8b2c0e6b-0af8-4d55-8f64-bbc2ae0263f2,CO,2,55ca320c-2898-40a9-9512-907c637508ab,Field Service Representative - Power Distribution/Electrical,scraper,Schneider Electric,50.59,44.59,near_fit,2,job_family_compatibility,moderate_fit,1
8b2c0e6b-0af8-4d55-8f64-bbc2ae0263f2,CO,2,a2db9942-94b5-4f01-a5a2-61dee26618be,Production Technician,scraper,Ball Corporation,53.53,47.53,near_fit,3,job_family_compatibility,moderate_fit,2
8b2c0e6b-0af8-4d55-8f64-bbc2ae0263f2,CO,2,acc8ba1f-b40a-40d5-bff8-d3513f34e44c,Machinist,scraper,Ball Corporation,53.31,47.31,near_fit,3,job_family_compatibility,moderate_fit,3
8b3abecf-db58-4f00-b6d4-9bdddebbcf6c,FL,2,0cf3e86d-7b7b-49b5-b0e7-95f732a9356b,Service Representative - ASCO - Miami,scraper,Schneider Electric,51.16,45.16,near_fit,2,job_family_compatibility,moderate_fit,1
8b3abecf-db58-4f00-b6d4-9bdddebbcf6c,FL,2,d6ce56c8-37c1-4825-9f1c-6a380cc955c6,Service Representative - ASCO - Tallahassee,scraper,Schneider Electric,51.16,45.16,near_fit,2,job_family_compatibility,moderate_fit,2
8b4ac205-5885-449d-9b55-9c54722dc97c,IA,2,ad9ace0a-35e9-4b3a-945f-ea189fa9909a,High Voltage Technician III,scraper,GE Vernova,15.95,21.95,ineligible,2,job_family_compatibility,low_fit,1
8c7b691a-579e-4d57-9f89-1a1f5c7f07ea,HI,1,e59950c8-3322-4281-a0b4-a3cdcef0c8af,Material Handler,scraper,Ball Corporation,51.74,45.74,near_fit,2,job_family_compatibility,moderate_fit,1
8caa8b65-7a9d-4769-819b-d8767773b346,AK,2,c94f3763-7c07-414c-9f9c-c1b8f9280c7a,"Lead Senior Wind Hub Technician - Fire Island (Anchorage, AK)",scraper,GE Vernova,15.82,21.82,ineligible,2,job_family_compatibility,low_fit,1
8cb4cd7a-60ca-4874-a0c2-2b6c6daf4fe4,GA,2,dde856d5-1a5e-449a-b28c-c621262d2fdb,Field Service Technician I,scraper,Schneider Electric,51.94,45.94,near_fit,1,job_family_compatibility,moderate_fit,1
8cb4cd7a-60ca-4874-a0c2-2b6c6daf4fe4,GA,2,d2b5bb83-b02b-43d9-9075-87bcffd426ba,System Specialist III,scraper,Schneider Electric,15.35,21.35,ineligible,1,job_family_compatibility,low_fit,2
8cb4cd7a-60ca-4874-a0c2-2b6c6daf4fe4,GA,2,6e0cf920-9cdc-40a1-a692-9191c7cde9f1,Welder,scraper,GE Vernova,60.92,54.92,near_fit,2,seniority_compatibility,good_fit,3
8cb4cd7a-60ca-4874-a0c2-2b6c6daf4fe4,GA,2,f598393a-49cf-4330-97e9-3febf3c6614a,HVAC Installer - 2nd Shift (Apprenticeship Program),employer_created,Acme Industrial,57.06,46.06,near_fit,2,job_family_compatibility,moderate_fit,4
8cb4cd7a-60ca-4874-a0c2-2b6c6daf4fe4,GA,2,88fed694-ea9b-4bfa-a0e3-7edf70bcfc1a,Materials Handler,scraper,Southwire,53.16,47.16,near_fit,2,job_family_compatibility,moderate_fit,5
8cb4cd7a-60ca-4874-a0c2-2b6c6daf4fe4,GA,2,07217a0b-d6bf-4e3f-a895-d81309df4cf2,Aircraft Mtc Surface Coat Technician,scraper,Delta Air Lines,53.09,47.09,near_fit,2,job_family_compatibility,moderate_fit,6
8cb4cd7a-60ca-4874-a0c2-2b6c6daf4fe4,GA,2,7589aba9-4d64-4d0f-83dc-238301e9777a,AMT - Avionics - Component Maintenance,scraper,Delta Air Lines,52.75,46.75,near_fit,2,job_family_compatibility,moderate_fit,7
8cb4cd7a-60ca-4874-a0c2-2b6c6daf4fe4,GA,2,01811a18-2fb7-4c0a-a7e0-15143caaf65e,Ground Maintenance Mechanic (Stationary) - ATL,scraper,Delta Air Lines,52.50,46.50,near_fit,2,job_family_compatibility,moderate_fit,8
8cb4cd7a-60ca-4874-a0c2-2b6c6daf4fe4,GA,2,219d497c-2d8d-4ea1-bfd1-da18bc79a201,Aircraft Support Mechanic,scraper,Delta Air Lines,52.50,46.50,near_fit,2,job_family_compatibility,moderate_fit,9
8cb4cd7a-60ca-4874-a0c2-2b6c6daf4fe4,GA,2,c2caf92c-6f39-4f8f-987a-817169014ab5,Aircraft Support Mechanic,scraper,Delta Air Lines,52.50,46.50,near_fit,2,job_family_compatibility,moderate_fit,10
8cb4cd7a-60ca-4874-a0c2-2b6c6daf4fe4,GA,2,88be611e-8df7-464a-91a3-fbaa826c984f,Ground Maintenance Mechanic (Motorized) - ATL,scraper,Delta Air Lines,52.44,46.44,near_fit,2,job_family_compatibility,moderate_fit,11
8cb4cd7a-60ca-4874-a0c2-2b6c6daf4fe4,GA,2,51b5fe5a-552b-48f1-8dd9-c51a3c65fbde,Aircraft Maintenance Technician 2,scraper,Delta Air Lines,52.34,46.34,near_fit,2,job_family_compatibility,moderate_fit,12
8cb4cd7a-60ca-4874-a0c2-2b6c6daf4fe4,GA,2,7be0d8c5-61fb-42e0-85e2-e57eaa3c8c92,Building Automation Technician II,scraper,Schneider Electric,51.86,45.86,near_fit,2,job_family_compatibility,moderate_fit,13
8cb4cd7a-60ca-4874-a0c2-2b6c6daf4fe4,GA,2,23cc0d4f-2f56-4972-9c03-5b87c1ff0806,Hourly Warehouse Team Member - Temporary Full-Time - Atlanta HVC (PS&L),employer_import,Ford Motor Company,51.80,45.80,near_fit,2,job_family_compatibility,moderate_fit,14
8cb4cd7a-60ca-4874-a0c2-2b6c6daf4fe4,GA,2,092dfb2b-ff27-4d1b-aa53-8719e5b2f01e,System Specialist I,scraper,Schneider Electric,51.75,45.75,near_fit,2,job_family_compatibility,moderate_fit,15
8cb4cd7a-60ca-4874-a0c2-2b6c6daf4fe4,GA,2,6c0c32de-720f-468e-9db4-98fcf35d3476,System Specialist II,scraper,Schneider Electric,51.75,45.75,near_fit,2,job_family_compatibility,moderate_fit,16
8cb4cd7a-60ca-4874-a0c2-2b6c6daf4fe4,GA,2,784960ea-8969-447d-935d-2a0e711996d6,System Specialist II,scraper,Schneider Electric,51.75,45.75,near_fit,2,job_family_compatibility,moderate_fit,17
8cb4cd7a-60ca-4874-a0c2-2b6c6daf4fe4,GA,2,9089b0d0-9bcc-4423-9a86-9ec534a5f15a,Building Automation Technician II,scraper,Schneider Electric,51.75,45.75,near_fit,2,job_family_compatibility,moderate_fit,18
8cb4cd7a-60ca-4874-a0c2-2b6c6daf4fe4,GA,2,91897402-de57-4dab-9099-843ecbb624b3,System Specialist I,scraper,Schneider Electric,51.75,45.75,near_fit,2,job_family_compatibility,moderate_fit,19
8cb4cd7a-60ca-4874-a0c2-2b6c6daf4fe4,GA,2,aa9c7ad9-821b-405c-8099-64057cbf133a,System Specialist II,scraper,Schneider Electric,51.75,45.75,near_fit,2,job_family_compatibility,moderate_fit,20
8cb4cd7a-60ca-4874-a0c2-2b6c6daf4fe4,GA,2,bd562210-99d4-4bde-8780-2e54953bf3dd,System Specialist II,scraper,Schneider Electric,51.75,45.75,near_fit,2,job_family_compatibility,moderate_fit,21
8cb4cd7a-60ca-4874-a0c2-2b6c6daf4fe4,GA,2,2d4478e8-6572-4cea-9bed-ebb35b0452ad,Field Service Representative - Secure Power/Electronic,scraper,Schneider Electric,51.12,45.12,near_fit,2,job_family_compatibility,moderate_fit,22
8cb4cd7a-60ca-4874-a0c2-2b6c6daf4fe4,GA,2,4e19e54f-bbc8-4fd7-b592-eec1b5dd3bb6,Field Service Representative - Power Distribution/Electrical,scraper,Schneider Electric,51.12,45.12,near_fit,2,job_family_compatibility,moderate_fit,23
8cb4cd7a-60ca-4874-a0c2-2b6c6daf4fe4,GA,2,a25b80fb-8867-4bcf-a7f1-659b46569740,Field Service Representative I,scraper,Schneider Electric,51.12,45.12,near_fit,2,job_family_compatibility,moderate_fit,24
8cb4cd7a-60ca-4874-a0c2-2b6c6daf4fe4,GA,2,a73a1c20-1806-418a-93c9-d8d84fa23ae3,Field Service Representative I,scraper,Schneider Electric,51.12,45.12,near_fit,2,job_family_compatibility,moderate_fit,25
8cb4cd7a-60ca-4874-a0c2-2b6c6daf4fe4,GA,2,c98f5980-0f8d-4ab0-8c1e-0b16113ef018,Field Service Representative - Power Distribution/Electrical,scraper,Schneider Electric,51.12,45.12,near_fit,2,job_family_compatibility,moderate_fit,26
8cb4cd7a-60ca-4874-a0c2-2b6c6daf4fe4,GA,2,dbcdcc74-0ea5-4c37-ad66-1bbc27f2fd34,Field Service Representative I,scraper,Schneider Electric,51.12,45.12,near_fit,2,job_family_compatibility,moderate_fit,27
8cb4cd7a-60ca-4874-a0c2-2b6c6daf4fe4,GA,2,dd301bdc-0e82-4e98-9e14-57c8247c0260,Field Service Representative - Power Distribution/Electrical,scraper,Schneider Electric,51.12,45.12,near_fit,2,job_family_compatibility,moderate_fit,28
8cb4cd7a-60ca-4874-a0c2-2b6c6daf4fe4,GA,2,5ed09f56-d309-4c8d-9513-b28283aba939,Machinist,scraper,GE Vernova,49.95,43.95,near_fit,2,job_family_compatibility,moderate_fit,29
8cb4cd7a-60ca-4874-a0c2-2b6c6daf4fe4,GA,2,129030bc-0db8-4ed9-b4c0-25583cbef1ba,Field Service Technician,scraper,Schneider Electric,49.20,43.20,near_fit,2,job_family_compatibility,moderate_fit,30
8cb4cd7a-60ca-4874-a0c2-2b6c6daf4fe4,GA,2,619f163a-21a4-402f-ab9c-510eb8b05894,Field Service Technician - HVAC/Cooling,scraper,Schneider Electric,49.20,43.20,near_fit,2,job_family_compatibility,moderate_fit,31
8cb4cd7a-60ca-4874-a0c2-2b6c6daf4fe4,GA,2,84ee4830-5a83-48d2-8872-a5a40e7f329b,Field Service Technician - HVAC/Cooling,scraper,Schneider Electric,49.20,43.20,near_fit,2,job_family_compatibility,moderate_fit,32
8cb4cd7a-60ca-4874-a0c2-2b6c6daf4fe4,GA,2,2713d0f9-14c5-40f6-b6d4-8c648816908e,Production Technician,scraper,Ball Corporation,53.62,47.62,near_fit,3,job_family_compatibility,moderate_fit,33
8cb4cd7a-60ca-4874-a0c2-2b6c6daf4fe4,GA,2,6b516d60-f9b8-449c-a7f4-b4a140372932,Order Filler,scraper,Southwire,53.35,47.35,near_fit,3,job_family_compatibility,moderate_fit,34
8cb4cd7a-60ca-4874-a0c2-2b6c6daf4fe4,GA,2,3a49304e-d302-4423-a97a-4f65ef8ac44d,Machinist millwright,scraper,Ball Corporation,52.78,46.78,near_fit,3,job_family_compatibility,moderate_fit,35
8cb4cd7a-60ca-4874-a0c2-2b6c6daf4fe4,GA,2,050f299a-3320-4e53-91aa-e93418d2ab99,Buncher Operator II,employer_import,Southwire,52.73,46.73,near_fit,3,job_family_compatibility,moderate_fit,36
8cb4cd7a-60ca-4874-a0c2-2b6c6daf4fe4,GA,2,7b12cd8f-f67a-4e7c-8890-2a3b1edbe2b7,Extruder Operator II (2nd Shift),employer_import,Southwire,52.73,46.73,near_fit,3,job_family_compatibility,moderate_fit,37
8cb4cd7a-60ca-4874-a0c2-2b6c6daf4fe4,GA,2,d2b34f76-7d66-4bee-bcb0-269bbb7d0f75,Take-up Operator I,scraper,Southwire,52.70,46.70,near_fit,3,job_family_compatibility,moderate_fit,38
8cb4cd7a-60ca-4874-a0c2-2b6c6daf4fe4,GA,2,0336a541-1cd7-4970-b181-33a30857fa4c,Armoring Machine Operator,scraper,Southwire,52.66,46.66,near_fit,3,job_family_compatibility,moderate_fit,39
8cb4cd7a-60ca-4874-a0c2-2b6c6daf4fe4,GA,2,609a49ef-4f83-4ef1-a315-0debfc1faa16,"Operator, Take Up I",scraper,Southwire,52.66,46.66,near_fit,3,job_family_compatibility,moderate_fit,40
8cb4cd7a-60ca-4874-a0c2-2b6c6daf4fe4,GA,2,67b5286c-436e-453c-aefb-acc7d5793715,Armoring Machine Operator,employer_import,Southwire,52.66,46.66,near_fit,3,job_family_compatibility,moderate_fit,41
8cb4cd7a-60ca-4874-a0c2-2b6c6daf4fe4,GA,2,97e3ae11-f613-41dd-adca-c8d1e4d5cdaa,"Operator, Take Up I",scraper,Southwire,52.66,46.66,near_fit,3,job_family_compatibility,moderate_fit,42
8cb4cd7a-60ca-4874-a0c2-2b6c6daf4fe4,GA,2,dd3d814c-135d-4c3a-9dfc-fd6607803797,Armoring Machine Operator,scraper,Southwire,52.66,46.66,near_fit,3,job_family_compatibility,moderate_fit,43
8cb4cd7a-60ca-4874-a0c2-2b6c6daf4fe4,GA,2,8e1eb9a8-1dea-4839-8b5b-98dcc8d257e9,Machinist I,scraper,Southwire,52.65,46.65,near_fit,3,job_family_compatibility,moderate_fit,44
8cb4cd7a-60ca-4874-a0c2-2b6c6daf4fe4,GA,2,2f35d354-c982-4f31-b4fe-ea388c7854ae,"Operator, Extruder II",scraper,Southwire,52.64,46.64,near_fit,3,job_family_compatibility,moderate_fit,45
8cb4cd7a-60ca-4874-a0c2-2b6c6daf4fe4,GA,2,3ecaaebf-ef87-4111-bb8d-13ee3cdabd7b,Extruder Operator II,scraper,Southwire,52.64,46.64,near_fit,3,job_family_compatibility,moderate_fit,46
8cb4cd7a-60ca-4874-a0c2-2b6c6daf4fe4,GA,2,92590e54-154b-4c57-bb63-9474a07ed6f7,Warehouse Associate Manufacturing II,scraper,Southwire,52.63,46.63,near_fit,3,job_family_compatibility,moderate_fit,47
8cb4cd7a-60ca-4874-a0c2-2b6c6daf4fe4,GA,2,bf6b4bf7-bb1c-4622-ba58-0f138afba361,Warehouse Associate Manufacturing II,scraper,Southwire,52.63,46.63,near_fit,3,job_family_compatibility,moderate_fit,48
8cb4cd7a-60ca-4874-a0c2-2b6c6daf4fe4,GA,2,6a2fad85-24bd-4ef0-96c2-b87f6416fc5c,"Operator, Drawing I",scraper,Southwire,52.62,46.62,near_fit,3,job_family_compatibility,moderate_fit,49
8cb4cd7a-60ca-4874-a0c2-2b6c6daf4fe4,GA,2,c5c038f7-28c1-4d3d-8c12-933878644fc1,Warehouse Associate Manufacturing II,scraper,Southwire,52.62,46.62,near_fit,3,job_family_compatibility,moderate_fit,50
8e4f22fa-f2e2-4e7b-b3b9-0c8adcf56c11,GA,2,dde856d5-1a5e-449a-b28c-c621262d2fdb,Field Service Technician I,scraper,Schneider Electric,51.94,45.94,near_fit,1,job_family_compatibility,moderate_fit,1
8e4f22fa-f2e2-4e7b-b3b9-0c8adcf56c11,GA,2,d2b5bb83-b02b-43d9-9075-87bcffd426ba,System Specialist III,scraper,Schneider Electric,15.35,21.35,ineligible,1,job_family_compatibility,low_fit,2
8e4f22fa-f2e2-4e7b-b3b9-0c8adcf56c11,GA,2,6e0cf920-9cdc-40a1-a692-9191c7cde9f1,Welder,scraper,GE Vernova,60.92,54.92,near_fit,2,seniority_compatibility,good_fit,3
8e4f22fa-f2e2-4e7b-b3b9-0c8adcf56c11,GA,2,f598393a-49cf-4330-97e9-3febf3c6614a,HVAC Installer - 2nd Shift (Apprenticeship Program),employer_created,Acme Industrial,57.06,46.06,near_fit,2,job_family_compatibility,moderate_fit,4
8e4f22fa-f2e2-4e7b-b3b9-0c8adcf56c11,GA,2,88fed694-ea9b-4bfa-a0e3-7edf70bcfc1a,Materials Handler,scraper,Southwire,53.16,47.16,near_fit,2,job_family_compatibility,moderate_fit,5
8e4f22fa-f2e2-4e7b-b3b9-0c8adcf56c11,GA,2,07217a0b-d6bf-4e3f-a895-d81309df4cf2,Aircraft Mtc Surface Coat Technician,scraper,Delta Air Lines,53.09,47.09,near_fit,2,job_family_compatibility,moderate_fit,6
8e4f22fa-f2e2-4e7b-b3b9-0c8adcf56c11,GA,2,7589aba9-4d64-4d0f-83dc-238301e9777a,AMT - Avionics - Component Maintenance,scraper,Delta Air Lines,52.75,46.75,near_fit,2,job_family_compatibility,moderate_fit,7
8e4f22fa-f2e2-4e7b-b3b9-0c8adcf56c11,GA,2,01811a18-2fb7-4c0a-a7e0-15143caaf65e,Ground Maintenance Mechanic (Stationary) - ATL,scraper,Delta Air Lines,52.50,46.50,near_fit,2,job_family_compatibility,moderate_fit,8
8e4f22fa-f2e2-4e7b-b3b9-0c8adcf56c11,GA,2,219d497c-2d8d-4ea1-bfd1-da18bc79a201,Aircraft Support Mechanic,scraper,Delta Air Lines,52.50,46.50,near_fit,2,job_family_compatibility,moderate_fit,9
8e4f22fa-f2e2-4e7b-b3b9-0c8adcf56c11,GA,2,c2caf92c-6f39-4f8f-987a-817169014ab5,Aircraft Support Mechanic,scraper,Delta Air Lines,52.50,46.50,near_fit,2,job_family_compatibility,moderate_fit,10
8e4f22fa-f2e2-4e7b-b3b9-0c8adcf56c11,GA,2,88be611e-8df7-464a-91a3-fbaa826c984f,Ground Maintenance Mechanic (Motorized) - ATL,scraper,Delta Air Lines,52.44,46.44,near_fit,2,job_family_compatibility,moderate_fit,11
8e4f22fa-f2e2-4e7b-b3b9-0c8adcf56c11,GA,2,51b5fe5a-552b-48f1-8dd9-c51a3c65fbde,Aircraft Maintenance Technician 2,scraper,Delta Air Lines,52.34,46.34,near_fit,2,job_family_compatibility,moderate_fit,12
8e4f22fa-f2e2-4e7b-b3b9-0c8adcf56c11,GA,2,7be0d8c5-61fb-42e0-85e2-e57eaa3c8c92,Building Automation Technician II,scraper,Schneider Electric,51.86,45.86,near_fit,2,job_family_compatibility,moderate_fit,13
8e4f22fa-f2e2-4e7b-b3b9-0c8adcf56c11,GA,2,23cc0d4f-2f56-4972-9c03-5b87c1ff0806,Hourly Warehouse Team Member - Temporary Full-Time - Atlanta HVC (PS&L),employer_import,Ford Motor Company,51.80,45.80,near_fit,2,job_family_compatibility,moderate_fit,14
8e4f22fa-f2e2-4e7b-b3b9-0c8adcf56c11,GA,2,092dfb2b-ff27-4d1b-aa53-8719e5b2f01e,System Specialist I,scraper,Schneider Electric,51.75,45.75,near_fit,2,job_family_compatibility,moderate_fit,15
8e4f22fa-f2e2-4e7b-b3b9-0c8adcf56c11,GA,2,6c0c32de-720f-468e-9db4-98fcf35d3476,System Specialist II,scraper,Schneider Electric,51.75,45.75,near_fit,2,job_family_compatibility,moderate_fit,16
8e4f22fa-f2e2-4e7b-b3b9-0c8adcf56c11,GA,2,784960ea-8969-447d-935d-2a0e711996d6,System Specialist II,scraper,Schneider Electric,51.75,45.75,near_fit,2,job_family_compatibility,moderate_fit,17
8e4f22fa-f2e2-4e7b-b3b9-0c8adcf56c11,GA,2,9089b0d0-9bcc-4423-9a86-9ec534a5f15a,Building Automation Technician II,scraper,Schneider Electric,51.75,45.75,near_fit,2,job_family_compatibility,moderate_fit,18
8e4f22fa-f2e2-4e7b-b3b9-0c8adcf56c11,GA,2,91897402-de57-4dab-9099-843ecbb624b3,System Specialist I,scraper,Schneider Electric,51.75,45.75,near_fit,2,job_family_compatibility,moderate_fit,19
8e4f22fa-f2e2-4e7b-b3b9-0c8adcf56c11,GA,2,aa9c7ad9-821b-405c-8099-64057cbf133a,System Specialist II,scraper,Schneider Electric,51.75,45.75,near_fit,2,job_family_compatibility,moderate_fit,20
8e4f22fa-f2e2-4e7b-b3b9-0c8adcf56c11,GA,2,bd562210-99d4-4bde-8780-2e54953bf3dd,System Specialist II,scraper,Schneider Electric,51.75,45.75,near_fit,2,job_family_compatibility,moderate_fit,21
8e4f22fa-f2e2-4e7b-b3b9-0c8adcf56c11,GA,2,2d4478e8-6572-4cea-9bed-ebb35b0452ad,Field Service Representative - Secure Power/Electronic,scraper,Schneider Electric,51.12,45.12,near_fit,2,job_family_compatibility,moderate_fit,22
8e4f22fa-f2e2-4e7b-b3b9-0c8adcf56c11,GA,2,4e19e54f-bbc8-4fd7-b592-eec1b5dd3bb6,Field Service Representative - Power Distribution/Electrical,scraper,Schneider Electric,51.12,45.12,near_fit,2,job_family_compatibility,moderate_fit,23
8e4f22fa-f2e2-4e7b-b3b9-0c8adcf56c11,GA,2,a25b80fb-8867-4bcf-a7f1-659b46569740,Field Service Representative I,scraper,Schneider Electric,51.12,45.12,near_fit,2,job_family_compatibility,moderate_fit,24
8e4f22fa-f2e2-4e7b-b3b9-0c8adcf56c11,GA,2,a73a1c20-1806-418a-93c9-d8d84fa23ae3,Field Service Representative I,scraper,Schneider Electric,51.12,45.12,near_fit,2,job_family_compatibility,moderate_fit,25
8e4f22fa-f2e2-4e7b-b3b9-0c8adcf56c11,GA,2,c98f5980-0f8d-4ab0-8c1e-0b16113ef018,Field Service Representative - Power Distribution/Electrical,scraper,Schneider Electric,51.12,45.12,near_fit,2,job_family_compatibility,moderate_fit,26
8e4f22fa-f2e2-4e7b-b3b9-0c8adcf56c11,GA,2,dbcdcc74-0ea5-4c37-ad66-1bbc27f2fd34,Field Service Representative I,scraper,Schneider Electric,51.12,45.12,near_fit,2,job_family_compatibility,moderate_fit,27
8e4f22fa-f2e2-4e7b-b3b9-0c8adcf56c11,GA,2,dd301bdc-0e82-4e98-9e14-57c8247c0260,Field Service Representative - Power Distribution/Electrical,scraper,Schneider Electric,51.12,45.12,near_fit,2,job_family_compatibility,moderate_fit,28
8e4f22fa-f2e2-4e7b-b3b9-0c8adcf56c11,GA,2,5ed09f56-d309-4c8d-9513-b28283aba939,Machinist,scraper,GE Vernova,49.95,43.95,near_fit,2,job_family_compatibility,moderate_fit,29
8e4f22fa-f2e2-4e7b-b3b9-0c8adcf56c11,GA,2,129030bc-0db8-4ed9-b4c0-25583cbef1ba,Field Service Technician,scraper,Schneider Electric,49.20,43.20,near_fit,2,job_family_compatibility,moderate_fit,30
8e4f22fa-f2e2-4e7b-b3b9-0c8adcf56c11,GA,2,619f163a-21a4-402f-ab9c-510eb8b05894,Field Service Technician - HVAC/Cooling,scraper,Schneider Electric,49.20,43.20,near_fit,2,job_family_compatibility,moderate_fit,31
8e4f22fa-f2e2-4e7b-b3b9-0c8adcf56c11,GA,2,84ee4830-5a83-48d2-8872-a5a40e7f329b,Field Service Technician - HVAC/Cooling,scraper,Schneider Electric,49.20,43.20,near_fit,2,job_family_compatibility,moderate_fit,32
8e4f22fa-f2e2-4e7b-b3b9-0c8adcf56c11,GA,2,2713d0f9-14c5-40f6-b6d4-8c648816908e,Production Technician,scraper,Ball Corporation,53.62,47.62,near_fit,3,job_family_compatibility,moderate_fit,33
8e4f22fa-f2e2-4e7b-b3b9-0c8adcf56c11,GA,2,6b516d60-f9b8-449c-a7f4-b4a140372932,Order Filler,scraper,Southwire,53.35,47.35,near_fit,3,job_family_compatibility,moderate_fit,34
8e4f22fa-f2e2-4e7b-b3b9-0c8adcf56c11,GA,2,3a49304e-d302-4423-a97a-4f65ef8ac44d,Machinist millwright,scraper,Ball Corporation,52.78,46.78,near_fit,3,job_family_compatibility,moderate_fit,35
8e4f22fa-f2e2-4e7b-b3b9-0c8adcf56c11,GA,2,050f299a-3320-4e53-91aa-e93418d2ab99,Buncher Operator II,employer_import,Southwire,52.73,46.73,near_fit,3,job_family_compatibility,moderate_fit,36
8e4f22fa-f2e2-4e7b-b3b9-0c8adcf56c11,GA,2,7b12cd8f-f67a-4e7c-8890-2a3b1edbe2b7,Extruder Operator II (2nd Shift),employer_import,Southwire,52.73,46.73,near_fit,3,job_family_compatibility,moderate_fit,37
8e4f22fa-f2e2-4e7b-b3b9-0c8adcf56c11,GA,2,d2b34f76-7d66-4bee-bcb0-269bbb7d0f75,Take-up Operator I,scraper,Southwire,52.70,46.70,near_fit,3,job_family_compatibility,moderate_fit,38
8e4f22fa-f2e2-4e7b-b3b9-0c8adcf56c11,GA,2,0336a541-1cd7-4970-b181-33a30857fa4c,Armoring Machine Operator,scraper,Southwire,52.66,46.66,near_fit,3,job_family_compatibility,moderate_fit,39
8e4f22fa-f2e2-4e7b-b3b9-0c8adcf56c11,GA,2,609a49ef-4f83-4ef1-a315-0debfc1faa16,"Operator, Take Up I",scraper,Southwire,52.66,46.66,near_fit,3,job_family_compatibility,moderate_fit,40
8e4f22fa-f2e2-4e7b-b3b9-0c8adcf56c11,GA,2,67b5286c-436e-453c-aefb-acc7d5793715,Armoring Machine Operator,employer_import,Southwire,52.66,46.66,near_fit,3,job_family_compatibility,moderate_fit,41
8e4f22fa-f2e2-4e7b-b3b9-0c8adcf56c11,GA,2,97e3ae11-f613-41dd-adca-c8d1e4d5cdaa,"Operator, Take Up I",scraper,Southwire,52.66,46.66,near_fit,3,job_family_compatibility,moderate_fit,42
8e4f22fa-f2e2-4e7b-b3b9-0c8adcf56c11,GA,2,dd3d814c-135d-4c3a-9dfc-fd6607803797,Armoring Machine Operator,scraper,Southwire,52.66,46.66,near_fit,3,job_family_compatibility,moderate_fit,43
8e4f22fa-f2e2-4e7b-b3b9-0c8adcf56c11,GA,2,8e1eb9a8-1dea-4839-8b5b-98dcc8d257e9,Machinist I,scraper,Southwire,52.65,46.65,near_fit,3,job_family_compatibility,moderate_fit,44
8e4f22fa-f2e2-4e7b-b3b9-0c8adcf56c11,GA,2,2f35d354-c982-4f31-b4fe-ea388c7854ae,"Operator, Extruder II",scraper,Southwire,52.64,46.64,near_fit,3,job_family_compatibility,moderate_fit,45
8e4f22fa-f2e2-4e7b-b3b9-0c8adcf56c11,GA,2,3ecaaebf-ef87-4111-bb8d-13ee3cdabd7b,Extruder Operator II,scraper,Southwire,52.64,46.64,near_fit,3,job_family_compatibility,moderate_fit,46
8e4f22fa-f2e2-4e7b-b3b9-0c8adcf56c11,GA,2,92590e54-154b-4c57-bb63-9474a07ed6f7,Warehouse Associate Manufacturing II,scraper,Southwire,52.63,46.63,near_fit,3,job_family_compatibility,moderate_fit,47
8e4f22fa-f2e2-4e7b-b3b9-0c8adcf56c11,GA,2,bf6b4bf7-bb1c-4622-ba58-0f138afba361,Warehouse Associate Manufacturing II,scraper,Southwire,52.63,46.63,near_fit,3,job_family_compatibility,moderate_fit,48
8e4f22fa-f2e2-4e7b-b3b9-0c8adcf56c11,GA,2,6a2fad85-24bd-4ef0-96c2-b87f6416fc5c,"Operator, Drawing I",scraper,Southwire,52.62,46.62,near_fit,3,job_family_compatibility,moderate_fit,49
8e4f22fa-f2e2-4e7b-b3b9-0c8adcf56c11,GA,2,c5c038f7-28c1-4d3d-8c12-933878644fc1,Warehouse Associate Manufacturing II,scraper,Southwire,52.62,46.62,near_fit,3,job_family_compatibility,moderate_fit,50
8f7a56a5-87b2-4b01-b644-d13d714973fc,FL,2,0cf3e86d-7b7b-49b5-b0e7-95f732a9356b,Service Representative - ASCO - Miami,scraper,Schneider Electric,60.28,54.28,near_fit,1,required_credential_compatibility,good_fit,1
8f7a56a5-87b2-4b01-b644-d13d714973fc,FL,2,d6ce56c8-37c1-4825-9f1c-6a380cc955c6,Service Representative - ASCO - Tallahassee,scraper,Schneider Electric,60.28,54.28,near_fit,1,required_credential_compatibility,good_fit,2
8fa6da6e-6954-41fb-bb7d-fb1efb2d88e8,HI,2,e59950c8-3322-4281-a0b4-a3cdcef0c8af,Material Handler,scraper,Ball Corporation,52.87,46.87,near_fit,2,job_family_compatibility,moderate_fit,1
90317233-8a1a-4a68-a4c1-84066c5a0a76,AR,2,c1557174-f263-4b94-acae-541575223397,Field Service Technician - HVAC/Cooling,scraper,Schneider Electric,51.71,45.71,near_fit,2,job_family_compatibility,moderate_fit,1
90317233-8a1a-4a68-a4c1-84066c5a0a76,AR,2,b5eb6630-f8fa-4f4b-8b46-df30db6d53b0,Field Service Representative,scraper,Schneider Electric,51.12,45.12,near_fit,2,job_family_compatibility,moderate_fit,2
9036bcbf-7603-4c1e-97bd-331ecc847e9f,AZ,2,398da005-863a-485c-a972-f555fcc71f5e,Field Service Representative - Drives/Industry,scraper,Schneider Electric,52.95,46.95,near_fit,1,job_family_compatibility,moderate_fit,1
9036bcbf-7603-4c1e-97bd-331ecc847e9f,AZ,2,cc8866c0-fd8c-4ec4-8c76-6d222ef7b305,Quality Inspector,scraper,Schneider Electric,51.14,45.14,near_fit,1,job_family_compatibility,moderate_fit,2
9036bcbf-7603-4c1e-97bd-331ecc847e9f,AZ,2,f11111cd-0177-4bbc-a032-82cde1e21e4c,Quality Inspector,scraper,Schneider Electric,51.14,45.14,near_fit,1,job_family_compatibility,moderate_fit,3
9036bcbf-7603-4c1e-97bd-331ecc847e9f,AZ,2,ced66e0d-fea0-4c45-a6b0-03b0c7d3993c,Production Supervisor,scraper,Schneider Electric,15.16,21.16,ineligible,1,job_family_compatibility,low_fit,4
9036bcbf-7603-4c1e-97bd-331ecc847e9f,AZ,2,f39b2b0c-778f-47c5-8f6d-4b9353db57a6,Field Service Representative,scraper,Schneider Electric,50.62,44.62,near_fit,2,job_family_compatibility,moderate_fit,5
9036bcbf-7603-4c1e-97bd-331ecc847e9f,AZ,2,707c18e2-5cba-4985-8dd6-26b3a8a60a95,Maintenance Mechanic,scraper,Ball Corporation,51.35,45.35,near_fit,3,job_family_compatibility,moderate_fit,6
90587ee0-b9d2-476a-ab4c-d498f9a1b9db,ID,1,b02f1e6a-a061-457e-bc5d-4660236b7507,"Wind Hub Technician - Idaho 1 (Idaho Falls, ID)",scraper,GE Vernova,47.10,41.10,near_fit,3,job_family_compatibility,moderate_fit,1
90acc0ea-4e86-4fbf-9e97-c4b3ae442b67,AK,2,c94f3763-7c07-414c-9f9c-c1b8f9280c7a,"Lead Senior Wind Hub Technician - Fire Island (Anchorage, AK)",scraper,GE Vernova,20.02,26.02,ineligible,1,required_credential_compatibility,low_fit,1
90b3e981-3b83-4c02-aa52-1201a52c40c7,CA,1,c7f77a75-17ff-4f06-bfe5-ce51bbf2cc1a,CNC Programmer/Operator,scraper,Ford Motor Company,13.86,19.86,ineligible,1,job_family_compatibility,low_fit,1
90b3e981-3b83-4c02-aa52-1201a52c40c7,CA,1,ee7da4c4-6f75-482f-a406-24c03d68ca9a,Electrical Apprentice,seed,Pacific Grid Services,52.72,41.72,near_fit,2,job_family_compatibility,moderate_fit,2
90b3e981-3b83-4c02-aa52-1201a52c40c7,CA,1,92c5c760-9d54-4e5c-b978-20ab22e766f2,Line Operator Mechanic,scraper,Ball Corporation,52.22,46.22,near_fit,2,job_family_compatibility,moderate_fit,3
90b3e981-3b83-4c02-aa52-1201a52c40c7,CA,1,8ec4f85c-539e-445f-947b-1af33a8ef07a,Site Technical Trainer,scraper,Ball Corporation,51.68,45.68,near_fit,2,job_family_compatibility,moderate_fit,4
90b3e981-3b83-4c02-aa52-1201a52c40c7,CA,1,9ad0d344-059a-4723-88ea-4255400e5a76,Ground Maintenance Mechanic (Motorized),scraper,Delta Air Lines,51.31,45.31,near_fit,2,job_family_compatibility,moderate_fit,5
90b3e981-3b83-4c02-aa52-1201a52c40c7,CA,1,dfdbfa94-bd0f-4354-8b70-43182e0a7f8d,Aircraft Maintenance Technician,scraper,Delta Air Lines,51.27,45.27,near_fit,2,job_family_compatibility,moderate_fit,6
90b3e981-3b83-4c02-aa52-1201a52c40c7,CA,1,bbb6c9ea-baef-44ff-b084-085be2c89941,Hourly Warehouse Team Member - Temporary Full-Time - Ontario HVC (PS&L),employer_import,Ford Motor Company,50.67,44.67,near_fit,2,job_family_compatibility,moderate_fit,7
90b3e981-3b83-4c02-aa52-1201a52c40c7,CA,1,53f24894-9291-47ae-8284-33c3ab646baa,Service Specialist II,scraper,Schneider Electric,50.59,44.59,near_fit,2,job_family_compatibility,moderate_fit,8
90b3e981-3b83-4c02-aa52-1201a52c40c7,CA,1,2815b44e-d2c8-4e28-8d97-62127318d2bd,Residential Electrician,seed,Bay Area Electrical Contractors,47.81,41.81,near_fit,2,job_family_compatibility,moderate_fit,9
90b3e981-3b83-4c02-aa52-1201a52c40c7,CA,1,904fbc7d-d495-48f0-a82f-e47f7edb8c44,Electrician — Journey Level,seed,Pacific Grid Services,17.68,18.68,ineligible,2,job_family_compatibility,low_fit,10
90b3e981-3b83-4c02-aa52-1201a52c40c7,CA,1,ff130393-5827-4156-ba91-3d44cea084bc,Production Technician,scraper,Ball Corporation,52.33,46.33,near_fit,3,job_family_compatibility,moderate_fit,11
90b3e981-3b83-4c02-aa52-1201a52c40c7,CA,1,28d43ff7-82dd-4d89-9dfa-79b6467b81f8,Building Automation Service Specialist I,scraper,Schneider Electric,52.19,46.19,near_fit,3,job_family_compatibility,moderate_fit,12
90b3e981-3b83-4c02-aa52-1201a52c40c7,CA,1,fd5e0d1f-84b6-4d22-a957-63fdf5b36602,Industrial Electrician Technician,scraper,Ball Corporation,52.19,46.19,near_fit,3,job_family_compatibility,moderate_fit,13
90b3e981-3b83-4c02-aa52-1201a52c40c7,CA,1,8289f495-863f-4244-af82-0f40d2122358,Powerline Technician - Lineman - Underground,scraper,Southwire,45.61,39.61,near_fit,3,job_family_compatibility,moderate_fit,14
90b3e981-3b83-4c02-aa52-1201a52c40c7,CA,1,418555e6-0dd3-45f7-ba3f-2eb6faca3972,Warehouse Associate (Cor),scraper,Schneider Electric,45.48,39.48,near_fit,3,job_family_compatibility,moderate_fit,15
91129b21-d2ca-4873-918a-5516e33ff4b6,IL,2,261a3edb-0c61-4e40-9158-f20534009c48,"Hourly Production Team Member - Temporary Full Time - Chicago, IL",scraper,Ford Motor Company,51.80,45.80,near_fit,2,job_family_compatibility,moderate_fit,1
91129b21-d2ca-4873-918a-5516e33ff4b6,IL,2,49901a3c-4bf5-43a9-95ff-55190786efcd,Field Service Representative,scraper,Schneider Electric,51.16,45.16,near_fit,2,job_family_compatibility,moderate_fit,2
91129b21-d2ca-4873-918a-5516e33ff4b6,IL,2,73c15577-8c61-4e8c-9320-8d11d8918722,Systems Field Service Representative - Chicago,scraper,Schneider Electric,51.16,45.16,near_fit,2,job_family_compatibility,moderate_fit,3
91129b21-d2ca-4873-918a-5516e33ff4b6,IL,2,268dd605-3bff-4563-ab00-de5ff47358a1,Field Service Representative,scraper,Schneider Electric,51.12,45.12,near_fit,2,job_family_compatibility,moderate_fit,4
91129b21-d2ca-4873-918a-5516e33ff4b6,IL,2,738888d5-42a6-46d6-a8f2-415f663dda9f,Field Service Representative - Secure Power/Electronic,scraper,Schneider Electric,51.12,45.12,near_fit,2,job_family_compatibility,moderate_fit,5
91bb3067-9f5c-44c2-a9c9-40c87cf6ad02,AK,1,c94f3763-7c07-414c-9f9c-c1b8f9280c7a,"Lead Senior Wind Hub Technician - Fire Island (Anchorage, AK)",scraper,GE Vernova,15.17,21.17,ineligible,2,job_family_compatibility,low_fit,1
92bf567d-ad3d-4127-b0fb-7f8b892fc984,IA,2,ad9ace0a-35e9-4b3a-945f-ea189fa9909a,High Voltage Technician III,scraper,GE Vernova,15.69,21.69,ineligible,2,job_family_compatibility,low_fit,1
9327a69c-3aa3-4a73-96d7-d76fcce4f557,AZ,2,392f14b7-7f5d-4e24-a95c-91318ad5e80b,Field Service Representative - HVAC/Cooling,scraper,Schneider Electric,57.71,51.71,near_fit,1,required_credential_compatibility,moderate_fit,1
9327a69c-3aa3-4a73-96d7-d76fcce4f557,AZ,2,abb0d5f2-47b2-4d88-99e3-319caef8a27c,Manufacturing Cell Lead (2nd Shift),scraper,Schneider Electric,15.31,21.31,ineligible,1,job_family_compatibility,low_fit,2
9327a69c-3aa3-4a73-96d7-d76fcce4f557,AZ,2,95614908-a096-4942-98c5-186ebfeb031f,HVAC-Electrical Technician,seed,Southwest Electric & HVAC,52.99,46.99,near_fit,2,job_family_compatibility,moderate_fit,3
9327a69c-3aa3-4a73-96d7-d76fcce4f557,AZ,2,5b7de9fd-608f-4751-bf57-ea7f12da966f,Continuous Improvement Leader,scraper,Schneider Electric,49.55,43.55,near_fit,2,job_family_compatibility,moderate_fit,4
94adcb48-6c53-4c28-9e6d-2915a82dc586,GA,2,d2b5bb83-b02b-43d9-9075-87bcffd426ba,System Specialist III,scraper,Schneider Electric,15.35,21.35,ineligible,1,job_family_compatibility,low_fit,1
94adcb48-6c53-4c28-9e6d-2915a82dc586,GA,2,f598393a-49cf-4330-97e9-3febf3c6614a,HVAC Installer - 2nd Shift (Apprenticeship Program),employer_created,Acme Industrial,57.06,46.06,near_fit,2,job_family_compatibility,moderate_fit,2
94adcb48-6c53-4c28-9e6d-2915a82dc586,GA,2,619f163a-21a4-402f-ab9c-510eb8b05894,Field Service Technician - HVAC/Cooling,scraper,Schneider Electric,51.87,45.87,near_fit,2,job_family_compatibility,moderate_fit,3
94adcb48-6c53-4c28-9e6d-2915a82dc586,GA,2,84ee4830-5a83-48d2-8872-a5a40e7f329b,Field Service Technician - HVAC/Cooling,scraper,Schneider Electric,51.87,45.87,near_fit,2,job_family_compatibility,moderate_fit,4
94adcb48-6c53-4c28-9e6d-2915a82dc586,GA,2,7be0d8c5-61fb-42e0-85e2-e57eaa3c8c92,Building Automation Technician II,scraper,Schneider Electric,51.86,45.86,near_fit,2,job_family_compatibility,moderate_fit,5
94adcb48-6c53-4c28-9e6d-2915a82dc586,GA,2,092dfb2b-ff27-4d1b-aa53-8719e5b2f01e,System Specialist I,scraper,Schneider Electric,51.75,45.75,near_fit,2,job_family_compatibility,moderate_fit,6
94adcb48-6c53-4c28-9e6d-2915a82dc586,GA,2,6c0c32de-720f-468e-9db4-98fcf35d3476,System Specialist II,scraper,Schneider Electric,51.75,45.75,near_fit,2,job_family_compatibility,moderate_fit,7
94adcb48-6c53-4c28-9e6d-2915a82dc586,GA,2,784960ea-8969-447d-935d-2a0e711996d6,System Specialist II,scraper,Schneider Electric,51.75,45.75,near_fit,2,job_family_compatibility,moderate_fit,8
94adcb48-6c53-4c28-9e6d-2915a82dc586,GA,2,9089b0d0-9bcc-4423-9a86-9ec534a5f15a,Building Automation Technician II,scraper,Schneider Electric,51.75,45.75,near_fit,2,job_family_compatibility,moderate_fit,9
94adcb48-6c53-4c28-9e6d-2915a82dc586,GA,2,91897402-de57-4dab-9099-843ecbb624b3,System Specialist I,scraper,Schneider Electric,51.75,45.75,near_fit,2,job_family_compatibility,moderate_fit,10
94adcb48-6c53-4c28-9e6d-2915a82dc586,GA,2,aa9c7ad9-821b-405c-8099-64057cbf133a,System Specialist II,scraper,Schneider Electric,51.75,45.75,near_fit,2,job_family_compatibility,moderate_fit,11
94adcb48-6c53-4c28-9e6d-2915a82dc586,GA,2,bd562210-99d4-4bde-8780-2e54953bf3dd,System Specialist II,scraper,Schneider Electric,51.75,45.75,near_fit,2,job_family_compatibility,moderate_fit,12
94adcb48-6c53-4c28-9e6d-2915a82dc586,GA,2,6e0cf920-9cdc-40a1-a692-9191c7cde9f1,Welder,scraper,GE Vernova,52.38,46.38,near_fit,3,job_family_compatibility,moderate_fit,13
94adcb48-6c53-4c28-9e6d-2915a82dc586,GA,2,1bf0ac7a-e529-4e85-9cdb-5bea8e082fd1,Electronic Technician,scraper,Southwire,50.36,44.36,near_fit,3,job_family_compatibility,moderate_fit,14
94adcb48-6c53-4c28-9e6d-2915a82dc586,GA,2,34db19d2-d22c-420b-9ca4-3a0b96da2fae,"Technician, Electronic",scraper,Southwire,50.30,44.30,near_fit,3,job_family_compatibility,moderate_fit,15
954ee9dc-c6b4-4d7f-8a7d-3b0a1f44aedb,ID,1,b02f1e6a-a061-457e-bc5d-4660236b7507,"Wind Hub Technician - Idaho 1 (Idaho Falls, ID)",scraper,GE Vernova,50.69,44.69,near_fit,3,job_family_compatibility,moderate_fit,1
96095aae-bea0-4568-b695-ede743f7314d,HI,1,e59950c8-3322-4281-a0b4-a3cdcef0c8af,Material Handler,scraper,Ball Corporation,51.74,45.74,near_fit,2,job_family_compatibility,moderate_fit,1
9722e51c-acf5-4a2f-b5f5-96dcd6c9bd13,IA,2,ad9ace0a-35e9-4b3a-945f-ea189fa9909a,High Voltage Technician III,scraper,GE Vernova,20.03,26.03,ineligible,1,required_credential_compatibility,low_fit,1
97ffab2c-5fcd-43a7-a8eb-426050a45c44,ID,1,b02f1e6a-a061-457e-bc5d-4660236b7507,"Wind Hub Technician - Idaho 1 (Idaho Falls, ID)",scraper,GE Vernova,50.69,44.69,near_fit,3,job_family_compatibility,moderate_fit,1
9892df2f-5c77-428d-bcee-381809ebd7a3,GA,2,d2b5bb83-b02b-43d9-9075-87bcffd426ba,System Specialist III,scraper,Schneider Electric,15.35,21.35,ineligible,1,job_family_compatibility,low_fit,1
9892df2f-5c77-428d-bcee-381809ebd7a3,GA,2,f598393a-49cf-4330-97e9-3febf3c6614a,HVAC Installer - 2nd Shift (Apprenticeship Program),employer_created,Acme Industrial,57.06,46.06,near_fit,2,job_family_compatibility,moderate_fit,2
9892df2f-5c77-428d-bcee-381809ebd7a3,GA,2,619f163a-21a4-402f-ab9c-510eb8b05894,Field Service Technician - HVAC/Cooling,scraper,Schneider Electric,51.87,45.87,near_fit,2,job_family_compatibility,moderate_fit,3
9892df2f-5c77-428d-bcee-381809ebd7a3,GA,2,84ee4830-5a83-48d2-8872-a5a40e7f329b,Field Service Technician - HVAC/Cooling,scraper,Schneider Electric,51.87,45.87,near_fit,2,job_family_compatibility,moderate_fit,4
9892df2f-5c77-428d-bcee-381809ebd7a3,GA,2,7be0d8c5-61fb-42e0-85e2-e57eaa3c8c92,Building Automation Technician II,scraper,Schneider Electric,51.86,45.86,near_fit,2,job_family_compatibility,moderate_fit,5
9892df2f-5c77-428d-bcee-381809ebd7a3,GA,2,092dfb2b-ff27-4d1b-aa53-8719e5b2f01e,System Specialist I,scraper,Schneider Electric,51.75,45.75,near_fit,2,job_family_compatibility,moderate_fit,6
9892df2f-5c77-428d-bcee-381809ebd7a3,GA,2,6c0c32de-720f-468e-9db4-98fcf35d3476,System Specialist II,scraper,Schneider Electric,51.75,45.75,near_fit,2,job_family_compatibility,moderate_fit,7
9892df2f-5c77-428d-bcee-381809ebd7a3,GA,2,784960ea-8969-447d-935d-2a0e711996d6,System Specialist II,scraper,Schneider Electric,51.75,45.75,near_fit,2,job_family_compatibility,moderate_fit,8
9892df2f-5c77-428d-bcee-381809ebd7a3,GA,2,9089b0d0-9bcc-4423-9a86-9ec534a5f15a,Building Automation Technician II,scraper,Schneider Electric,51.75,45.75,near_fit,2,job_family_compatibility,moderate_fit,9
9892df2f-5c77-428d-bcee-381809ebd7a3,GA,2,91897402-de57-4dab-9099-843ecbb624b3,System Specialist I,scraper,Schneider Electric,51.75,45.75,near_fit,2,job_family_compatibility,moderate_fit,10
9892df2f-5c77-428d-bcee-381809ebd7a3,GA,2,aa9c7ad9-821b-405c-8099-64057cbf133a,System Specialist II,scraper,Schneider Electric,51.75,45.75,near_fit,2,job_family_compatibility,moderate_fit,11
9892df2f-5c77-428d-bcee-381809ebd7a3,GA,2,bd562210-99d4-4bde-8780-2e54953bf3dd,System Specialist II,scraper,Schneider Electric,51.75,45.75,near_fit,2,job_family_compatibility,moderate_fit,12
9892df2f-5c77-428d-bcee-381809ebd7a3,GA,2,6e0cf920-9cdc-40a1-a692-9191c7cde9f1,Welder,scraper,GE Vernova,52.38,46.38,near_fit,3,job_family_compatibility,moderate_fit,13
9892df2f-5c77-428d-bcee-381809ebd7a3,GA,2,1bf0ac7a-e529-4e85-9cdb-5bea8e082fd1,Electronic Technician,scraper,Southwire,50.36,44.36,near_fit,3,job_family_compatibility,moderate_fit,14
9892df2f-5c77-428d-bcee-381809ebd7a3,GA,2,34db19d2-d22c-420b-9ca4-3a0b96da2fae,"Technician, Electronic",scraper,Southwire,50.30,44.30,near_fit,3,job_family_compatibility,moderate_fit,15
99efb29c-b725-4f87-ac99-5e44733d3036,AZ,2,398da005-863a-485c-a972-f555fcc71f5e,Field Service Representative - Drives/Industry,scraper,Schneider Electric,52.95,46.95,near_fit,1,job_family_compatibility,moderate_fit,1
99efb29c-b725-4f87-ac99-5e44733d3036,AZ,2,cc8866c0-fd8c-4ec4-8c76-6d222ef7b305,Quality Inspector,scraper,Schneider Electric,51.14,45.14,near_fit,1,job_family_compatibility,moderate_fit,2
99efb29c-b725-4f87-ac99-5e44733d3036,AZ,2,f11111cd-0177-4bbc-a032-82cde1e21e4c,Quality Inspector,scraper,Schneider Electric,51.14,45.14,near_fit,1,job_family_compatibility,moderate_fit,3
99efb29c-b725-4f87-ac99-5e44733d3036,AZ,2,ced66e0d-fea0-4c45-a6b0-03b0c7d3993c,Production Supervisor,scraper,Schneider Electric,15.16,21.16,ineligible,1,job_family_compatibility,low_fit,4
99efb29c-b725-4f87-ac99-5e44733d3036,AZ,2,f39b2b0c-778f-47c5-8f6d-4b9353db57a6,Field Service Representative,scraper,Schneider Electric,50.62,44.62,near_fit,2,job_family_compatibility,moderate_fit,5
99efb29c-b725-4f87-ac99-5e44733d3036,AZ,2,707c18e2-5cba-4985-8dd6-26b3a8a60a95,Maintenance Mechanic,scraper,Ball Corporation,51.35,45.35,near_fit,3,job_family_compatibility,moderate_fit,6
9aa70053-9feb-4815-a443-7751ad66dab1,AK,1,c94f3763-7c07-414c-9f9c-c1b8f9280c7a,"Lead Senior Wind Hub Technician - Fire Island (Anchorage, AK)",scraper,GE Vernova,15.17,21.17,ineligible,2,job_family_compatibility,low_fit,1
9af7bd33-414b-4892-8fcf-275a2f3d0d04,AL,2,946b1c6d-9602-49c2-9e41-76a8da8db0fa,Machine Operator EG,scraper,Southwire,53.20,47.20,near_fit,2,job_family_compatibility,moderate_fit,1
9af7bd33-414b-4892-8fcf-275a2f3d0d04,AL,2,334c520d-9f9d-4ba6-b719-3ba479d79642,Warehouse Associate Manufacturing II,scraper,Southwire,52.63,46.63,near_fit,3,job_family_compatibility,moderate_fit,2
9b07456a-6194-4f64-be39-390b57022b64,CO,2,bd04aa5e-2928-4847-9744-1547a1ab34f1,Material Handler - Forklift / Warehouse Operator,scraper,Ball Corporation,52.87,46.87,near_fit,2,job_family_compatibility,moderate_fit,1
9b07456a-6194-4f64-be39-390b57022b64,CO,2,55ca320c-2898-40a9-9512-907c637508ab,Field Service Representative - Power Distribution/Electrical,scraper,Schneider Electric,51.12,45.12,near_fit,2,job_family_compatibility,moderate_fit,2
9b07456a-6194-4f64-be39-390b57022b64,CO,2,a2db9942-94b5-4f01-a5a2-61dee26618be,Production Technician,scraper,Ball Corporation,53.53,47.53,near_fit,3,job_family_compatibility,moderate_fit,3
9b07456a-6194-4f64-be39-390b57022b64,CO,2,acc8ba1f-b40a-40d5-bff8-d3513f34e44c,Machinist,scraper,Ball Corporation,52.79,46.79,near_fit,3,job_family_compatibility,moderate_fit,4
9ba908a2-5660-4593-bf36-339a48351cd3,FL,2,0cf3e86d-7b7b-49b5-b0e7-95f732a9356b,Service Representative - ASCO - Miami,scraper,Schneider Electric,60.28,54.28,near_fit,1,required_credential_compatibility,good_fit,1
9ba908a2-5660-4593-bf36-339a48351cd3,FL,2,d6ce56c8-37c1-4825-9f1c-6a380cc955c6,Service Representative - ASCO - Tallahassee,scraper,Schneider Electric,60.28,54.28,near_fit,1,required_credential_compatibility,good_fit,2
9d261307-bd1c-4b0a-9918-cf2436df9d9b,AL,2,334c520d-9f9d-4ba6-b719-3ba479d79642,Warehouse Associate Manufacturing II,scraper,Southwire,53.16,47.16,near_fit,3,job_family_compatibility,moderate_fit,1
9e8ab377-6f27-4b26-a083-a3b022e53eab,AL,2,946b1c6d-9602-49c2-9e41-76a8da8db0fa,Machine Operator EG,scraper,Southwire,53.20,47.20,near_fit,2,job_family_compatibility,moderate_fit,1
9e8ab377-6f27-4b26-a083-a3b022e53eab,AL,2,334c520d-9f9d-4ba6-b719-3ba479d79642,Warehouse Associate Manufacturing II,scraper,Southwire,52.63,46.63,near_fit,3,job_family_compatibility,moderate_fit,2
a0b0d569-b514-4fa6-9cfc-2d3dc88450bb,FL,2,0cf3e86d-7b7b-49b5-b0e7-95f732a9356b,Service Representative - ASCO - Miami,scraper,Schneider Electric,51.28,45.28,near_fit,2,job_family_compatibility,moderate_fit,1
a0b0d569-b514-4fa6-9cfc-2d3dc88450bb,FL,2,d6ce56c8-37c1-4825-9f1c-6a380cc955c6,Service Representative - ASCO - Tallahassee,scraper,Schneider Electric,51.28,45.28,near_fit,2,job_family_compatibility,moderate_fit,2
a3098595-a7b1-4091-a524-5dc38a5c4445,CA,2,ee7da4c4-6f75-482f-a406-24c03d68ca9a,Electrical Apprentice,seed,Pacific Grid Services,53.84,42.84,near_fit,2,job_family_compatibility,moderate_fit,1
a3098595-a7b1-4091-a524-5dc38a5c4445,CA,2,2815b44e-d2c8-4e28-8d97-62127318d2bd,Residential Electrician,seed,Bay Area Electrical Contractors,48.94,42.94,near_fit,2,job_family_compatibility,moderate_fit,2
a3098595-a7b1-4091-a524-5dc38a5c4445,CA,2,904fbc7d-d495-48f0-a82f-e47f7edb8c44,Electrician — Journey Level,seed,Pacific Grid Services,18.21,19.21,ineligible,2,job_family_compatibility,low_fit,3
a3098595-a7b1-4091-a524-5dc38a5c4445,CA,2,fd5e0d1f-84b6-4d22-a957-63fdf5b36602,Industrial Electrician Technician,scraper,Ball Corporation,52.77,46.77,near_fit,3,job_family_compatibility,moderate_fit,4
a3098595-a7b1-4091-a524-5dc38a5c4445,CA,2,8289f495-863f-4244-af82-0f40d2122358,Powerline Technician - Lineman - Underground,scraper,Southwire,46.22,40.22,near_fit,3,job_family_compatibility,moderate_fit,5
a312976b-5cfb-4881-b057-d8797ea74cb3,CA,2,ee7da4c4-6f75-482f-a406-24c03d68ca9a,Electrical Apprentice,seed,Pacific Grid Services,53.84,42.84,near_fit,2,job_family_compatibility,moderate_fit,1
a312976b-5cfb-4881-b057-d8797ea74cb3,CA,2,53f24894-9291-47ae-8284-33c3ab646baa,Service Specialist II,scraper,Schneider Electric,51.22,45.22,near_fit,2,job_family_compatibility,moderate_fit,2
a312976b-5cfb-4881-b057-d8797ea74cb3,CA,2,2815b44e-d2c8-4e28-8d97-62127318d2bd,Residential Electrician,seed,Bay Area Electrical Contractors,48.94,42.94,near_fit,2,job_family_compatibility,moderate_fit,3
a312976b-5cfb-4881-b057-d8797ea74cb3,CA,2,904fbc7d-d495-48f0-a82f-e47f7edb8c44,Electrician — Journey Level,seed,Pacific Grid Services,18.21,19.21,ineligible,2,job_family_compatibility,low_fit,4
a312976b-5cfb-4881-b057-d8797ea74cb3,CA,2,fd5e0d1f-84b6-4d22-a957-63fdf5b36602,Industrial Electrician Technician,scraper,Ball Corporation,53.31,47.31,near_fit,3,job_family_compatibility,moderate_fit,5
a312976b-5cfb-4881-b057-d8797ea74cb3,CA,2,8289f495-863f-4244-af82-0f40d2122358,Powerline Technician - Lineman - Underground,scraper,Southwire,46.74,40.74,near_fit,3,job_family_compatibility,moderate_fit,6
a3ed6e4d-a72e-4779-b59c-2af80ef7d2ff,ID,1,b02f1e6a-a061-457e-bc5d-4660236b7507,"Wind Hub Technician - Idaho 1 (Idaho Falls, ID)",scraper,GE Vernova,47.10,41.10,near_fit,3,job_family_compatibility,moderate_fit,1
a55689fc-f412-4378-aca1-6f003b4d7539,CO,2,bd04aa5e-2928-4847-9744-1547a1ab34f1,Material Handler - Forklift / Warehouse Operator,scraper,Ball Corporation,52.87,46.87,near_fit,2,job_family_compatibility,moderate_fit,1
a55689fc-f412-4378-aca1-6f003b4d7539,CO,2,55ca320c-2898-40a9-9512-907c637508ab,Field Service Representative - Power Distribution/Electrical,scraper,Schneider Electric,51.12,45.12,near_fit,2,job_family_compatibility,moderate_fit,2
a55689fc-f412-4378-aca1-6f003b4d7539,CO,2,a2db9942-94b5-4f01-a5a2-61dee26618be,Production Technician,scraper,Ball Corporation,53.53,47.53,near_fit,3,job_family_compatibility,moderate_fit,3
a55689fc-f412-4378-aca1-6f003b4d7539,CO,2,acc8ba1f-b40a-40d5-bff8-d3513f34e44c,Machinist,scraper,Ball Corporation,52.79,46.79,near_fit,3,job_family_compatibility,moderate_fit,4
a66a54c4-e49b-41c6-b86d-093be510a537,AR,2,c1557174-f263-4b94-acae-541575223397,Field Service Technician - HVAC/Cooling,scraper,Schneider Electric,51.71,45.71,near_fit,2,job_family_compatibility,moderate_fit,1
a66a54c4-e49b-41c6-b86d-093be510a537,AR,2,b5eb6630-f8fa-4f4b-8b46-df30db6d53b0,Field Service Representative,scraper,Schneider Electric,51.12,45.12,near_fit,2,job_family_compatibility,moderate_fit,2
a739b900-1d3f-4e25-b280-38d0abc8c0e7,FL,2,30461847-21a9-44c4-a4e8-e702395d0552,Field Service Technician-2,scraper,GE Vernova,53.77,47.77,near_fit,2,job_family_compatibility,moderate_fit,1
a739b900-1d3f-4e25-b280-38d0abc8c0e7,FL,2,bc17abfe-738c-446e-b265-c2ab66dc5db5,Material Handler,scraper,Ball Corporation,51.59,45.59,near_fit,2,job_family_compatibility,moderate_fit,2
a739b900-1d3f-4e25-b280-38d0abc8c0e7,FL,2,a50ce27e-34e7-4a00-821d-3066412287bf,"Materials Leader (Pensacola, FL)",scraper,GE Vernova,51.16,45.16,near_fit,3,job_family_compatibility,moderate_fit,3
a7ce6f0f-ae7b-4ee1-9cfe-072eaff3ebe9,AZ,1,cc8866c0-fd8c-4ec4-8c76-6d222ef7b305,Quality Inspector,scraper,Schneider Electric,50.48,44.48,near_fit,1,job_family_compatibility,moderate_fit,1
a7ce6f0f-ae7b-4ee1-9cfe-072eaff3ebe9,AZ,1,f11111cd-0177-4bbc-a032-82cde1e21e4c,Quality Inspector,scraper,Schneider Electric,50.48,44.48,near_fit,1,job_family_compatibility,moderate_fit,2
a7ce6f0f-ae7b-4ee1-9cfe-072eaff3ebe9,AZ,1,ced66e0d-fea0-4c45-a6b0-03b0c7d3993c,Production Supervisor,scraper,Schneider Electric,14.85,20.85,ineligible,1,job_family_compatibility,low_fit,3
a7ce6f0f-ae7b-4ee1-9cfe-072eaff3ebe9,AZ,1,abb0d5f2-47b2-4d88-99e3-319caef8a27c,Manufacturing Cell Lead (2nd Shift),scraper,Schneider Electric,14.78,20.78,ineligible,1,job_family_compatibility,low_fit,4
a7ce6f0f-ae7b-4ee1-9cfe-072eaff3ebe9,AZ,1,95614908-a096-4942-98c5-186ebfeb031f,HVAC-Electrical Technician,seed,Southwest Electric & HVAC,52.08,46.08,near_fit,2,job_family_compatibility,moderate_fit,5
a7ce6f0f-ae7b-4ee1-9cfe-072eaff3ebe9,AZ,1,5b7de9fd-608f-4751-bf57-ea7f12da966f,Continuous Improvement Leader,scraper,Schneider Electric,48.42,42.42,near_fit,2,job_family_compatibility,moderate_fit,6
a7ce6f0f-ae7b-4ee1-9cfe-072eaff3ebe9,AZ,1,398da005-863a-485c-a972-f555fcc71f5e,Field Service Representative - Drives/Industry,scraper,Schneider Electric,47.08,41.08,near_fit,2,job_family_compatibility,moderate_fit,7
a7ce6f0f-ae7b-4ee1-9cfe-072eaff3ebe9,AZ,1,392f14b7-7f5d-4e24-a95c-91318ad5e80b,Field Service Representative - HVAC/Cooling,scraper,Schneider Electric,46.81,40.81,near_fit,2,job_family_compatibility,moderate_fit,8
a7ce6f0f-ae7b-4ee1-9cfe-072eaff3ebe9,AZ,1,f39b2b0c-778f-47c5-8f6d-4b9353db57a6,Field Service Representative,scraper,Schneider Electric,46.44,40.44,near_fit,2,job_family_compatibility,moderate_fit,9
a7ce6f0f-ae7b-4ee1-9cfe-072eaff3ebe9,AZ,1,707c18e2-5cba-4985-8dd6-26b3a8a60a95,Maintenance Mechanic,scraper,Ball Corporation,46.29,40.29,near_fit,3,job_family_compatibility,moderate_fit,10
a8ca201b-600c-49d7-a3ce-0e25246116d5,CO,1,bd04aa5e-2928-4847-9744-1547a1ab34f1,Material Handler - Forklift / Warehouse Operator,scraper,Ball Corporation,51.74,45.74,near_fit,2,job_family_compatibility,moderate_fit,1
a8ca201b-600c-49d7-a3ce-0e25246116d5,CO,1,55ca320c-2898-40a9-9512-907c637508ab,Field Service Representative - Power Distribution/Electrical,scraper,Schneider Electric,50.00,44.00,near_fit,2,job_family_compatibility,moderate_fit,2
a8ca201b-600c-49d7-a3ce-0e25246116d5,CO,1,a2db9942-94b5-4f01-a5a2-61dee26618be,Production Technician,scraper,Ball Corporation,52.41,46.41,near_fit,3,job_family_compatibility,moderate_fit,3
a8ca201b-600c-49d7-a3ce-0e25246116d5,CO,1,acc8ba1f-b40a-40d5-bff8-d3513f34e44c,Machinist,scraper,Ball Corporation,52.19,46.19,near_fit,3,job_family_compatibility,moderate_fit,4
a8ca201b-600c-49d7-a3ce-0e25246116d5,CO,1,b5a26d13-3f56-4004-8591-56c1e66fae5b,"Wind Hub Technician - CO LW (Grover, CO Area)",scraper,GE Vernova,48.87,42.87,near_fit,3,job_family_compatibility,moderate_fit,5
a95d730d-7adc-48f3-b1c3-21ccad591ecd,GA,2,d2b5bb83-b02b-43d9-9075-87bcffd426ba,System Specialist III,scraper,Schneider Electric,15.28,21.28,ineligible,1,job_family_compatibility,low_fit,1
a95d730d-7adc-48f3-b1c3-21ccad591ecd,GA,2,1bf0ac7a-e529-4e85-9cdb-5bea8e082fd1,Electronic Technician,scraper,Southwire,59.69,53.69,near_fit,2,seniority_compatibility,moderate_fit,2
a95d730d-7adc-48f3-b1c3-21ccad591ecd,GA,2,34db19d2-d22c-420b-9ca4-3a0b96da2fae,"Technician, Electronic",scraper,Southwire,59.63,53.63,near_fit,2,seniority_compatibility,moderate_fit,3
a95d730d-7adc-48f3-b1c3-21ccad591ecd,GA,2,f598393a-49cf-4330-97e9-3febf3c6614a,HVAC Installer - 2nd Shift (Apprenticeship Program),employer_created,Acme Industrial,57.06,46.06,near_fit,2,job_family_compatibility,moderate_fit,4
a95d730d-7adc-48f3-b1c3-21ccad591ecd,GA,2,7be0d8c5-61fb-42e0-85e2-e57eaa3c8c92,Building Automation Technician II,scraper,Schneider Electric,51.70,45.70,near_fit,2,job_family_compatibility,moderate_fit,5
a95d730d-7adc-48f3-b1c3-21ccad591ecd,GA,2,6c0c32de-720f-468e-9db4-98fcf35d3476,System Specialist II,scraper,Schneider Electric,51.62,45.62,near_fit,2,job_family_compatibility,moderate_fit,6
a95d730d-7adc-48f3-b1c3-21ccad591ecd,GA,2,092dfb2b-ff27-4d1b-aa53-8719e5b2f01e,System Specialist I,scraper,Schneider Electric,51.59,45.59,near_fit,2,job_family_compatibility,moderate_fit,7
a95d730d-7adc-48f3-b1c3-21ccad591ecd,GA,2,784960ea-8969-447d-935d-2a0e711996d6,System Specialist II,scraper,Schneider Electric,51.59,45.59,near_fit,2,job_family_compatibility,moderate_fit,8
a95d730d-7adc-48f3-b1c3-21ccad591ecd,GA,2,9089b0d0-9bcc-4423-9a86-9ec534a5f15a,Building Automation Technician II,scraper,Schneider Electric,51.59,45.59,near_fit,2,job_family_compatibility,moderate_fit,9
a95d730d-7adc-48f3-b1c3-21ccad591ecd,GA,2,91897402-de57-4dab-9099-843ecbb624b3,System Specialist I,scraper,Schneider Electric,51.59,45.59,near_fit,2,job_family_compatibility,moderate_fit,10
a95d730d-7adc-48f3-b1c3-21ccad591ecd,GA,2,aa9c7ad9-821b-405c-8099-64057cbf133a,System Specialist II,scraper,Schneider Electric,51.59,45.59,near_fit,2,job_family_compatibility,moderate_fit,11
a95d730d-7adc-48f3-b1c3-21ccad591ecd,GA,2,bd562210-99d4-4bde-8780-2e54953bf3dd,System Specialist II,scraper,Schneider Electric,51.59,45.59,near_fit,2,job_family_compatibility,moderate_fit,12
a95d730d-7adc-48f3-b1c3-21ccad591ecd,GA,2,619f163a-21a4-402f-ab9c-510eb8b05894,Field Service Technician - HVAC/Cooling,scraper,Schneider Electric,49.38,43.38,near_fit,2,job_family_compatibility,moderate_fit,13
a95d730d-7adc-48f3-b1c3-21ccad591ecd,GA,2,84ee4830-5a83-48d2-8872-a5a40e7f329b,Field Service Technician - HVAC/Cooling,scraper,Schneider Electric,49.38,43.38,near_fit,2,job_family_compatibility,moderate_fit,14
a95d730d-7adc-48f3-b1c3-21ccad591ecd,GA,2,6e0cf920-9cdc-40a1-a692-9191c7cde9f1,Welder,scraper,GE Vernova,52.38,46.38,near_fit,3,job_family_compatibility,moderate_fit,15
ab09c0de-a36f-4dc6-8713-e5a53e3b1dcd,AR,2,c1557174-f263-4b94-acae-541575223397,Field Service Technician - HVAC/Cooling,scraper,Schneider Electric,51.71,45.71,near_fit,2,job_family_compatibility,moderate_fit,1
ab09c0de-a36f-4dc6-8713-e5a53e3b1dcd,AR,2,b5eb6630-f8fa-4f4b-8b46-df30db6d53b0,Field Service Representative,scraper,Schneider Electric,51.12,45.12,near_fit,2,job_family_compatibility,moderate_fit,2
ac192155-b568-4e86-bac3-66546ea73d88,IL,1,fc5c1942-f214-48df-971b-7037fe3e837b,Warehouse Specialist,scraper,Southwire,52.04,46.04,near_fit,2,job_family_compatibility,moderate_fit,1
ac192155-b568-4e86-bac3-66546ea73d88,IL,1,261a3edb-0c61-4e40-9158-f20534009c48,"Hourly Production Team Member - Temporary Full Time - Chicago, IL",scraper,Ford Motor Company,50.67,44.67,near_fit,2,job_family_compatibility,moderate_fit,2
ac192155-b568-4e86-bac3-66546ea73d88,IL,1,49901a3c-4bf5-43a9-95ff-55190786efcd,Field Service Representative,scraper,Schneider Electric,50.03,44.03,near_fit,2,job_family_compatibility,moderate_fit,3
ac192155-b568-4e86-bac3-66546ea73d88,IL,1,73c15577-8c61-4e8c-9320-8d11d8918722,Systems Field Service Representative - Chicago,scraper,Schneider Electric,50.03,44.03,near_fit,2,job_family_compatibility,moderate_fit,4
ac192155-b568-4e86-bac3-66546ea73d88,IL,1,268dd605-3bff-4563-ab00-de5ff47358a1,Field Service Representative,scraper,Schneider Electric,50.00,44.00,near_fit,2,job_family_compatibility,moderate_fit,5
ac192155-b568-4e86-bac3-66546ea73d88,IL,1,738888d5-42a6-46d6-a8f2-415f663dda9f,Field Service Representative - Secure Power/Electronic,scraper,Schneider Electric,50.00,44.00,near_fit,2,job_family_compatibility,moderate_fit,6
ac192155-b568-4e86-bac3-66546ea73d88,IL,1,fcace57a-06c3-4e68-8e04-6b1157ecad61,BMS Service Account Executive,scraper,Schneider Electric,44.49,38.49,near_fit,3,job_family_compatibility,moderate_fit,7
ac867560-cc23-499f-bd5e-ee0ad714facc,AK,1,c94f3763-7c07-414c-9f9c-c1b8f9280c7a,"Lead Senior Wind Hub Technician - Fire Island (Anchorage, AK)",scraper,GE Vernova,15.17,21.17,ineligible,2,job_family_compatibility,low_fit,1
ada4ef13-4521-47cf-9554-7ae1ccf3f52e,HI,2,e59950c8-3322-4281-a0b4-a3cdcef0c8af,Material Handler,scraper,Ball Corporation,52.87,46.87,near_fit,2,job_family_compatibility,moderate_fit,1
ae97d7e5-15df-4ead-acbf-4afe20ab8156,CO,2,bd04aa5e-2928-4847-9744-1547a1ab34f1,Material Handler - Forklift / Warehouse Operator,scraper,Ball Corporation,52.87,46.87,near_fit,2,job_family_compatibility,moderate_fit,1
af9f5fd2-9c63-4a4a-980c-97bfed53b66f,FL,2,30461847-21a9-44c4-a4e8-e702395d0552,Field Service Technician-2,scraper,GE Vernova,63.26,57.26,near_fit,1,seniority_compatibility,good_fit,1
af9f5fd2-9c63-4a4a-980c-97bfed53b66f,FL,2,bc17abfe-738c-446e-b265-c2ab66dc5db5,Material Handler,scraper,Ball Corporation,51.59,45.59,near_fit,2,job_family_compatibility,moderate_fit,2
af9f5fd2-9c63-4a4a-980c-97bfed53b66f,FL,2,a50ce27e-34e7-4a00-821d-3066412287bf,"Materials Leader (Pensacola, FL)",scraper,GE Vernova,51.66,45.66,near_fit,3,job_family_compatibility,moderate_fit,3
b043c858-07d2-4d99-9fef-ac5d29b482ea,HI,1,e59950c8-3322-4281-a0b4-a3cdcef0c8af,Material Handler,scraper,Ball Corporation,51.74,45.74,near_fit,2,job_family_compatibility,moderate_fit,1
b1a27777-f75a-4312-a33e-09fcedb20fb5,IA,2,ad9ace0a-35e9-4b3a-945f-ea189fa9909a,High Voltage Technician III,scraper,GE Vernova,15.69,21.69,ineligible,2,job_family_compatibility,low_fit,1
b1ef1ad9-4677-4cd9-8555-13704d60c207,IL,2,fcace57a-06c3-4e68-8e04-6b1157ecad61,BMS Service Account Executive,scraper,Schneider Electric,54.20,48.20,near_fit,2,seniority_compatibility,moderate_fit,1
b2b63752-0e16-44b9-8b46-1144ddf7ee96,IL,2,fcace57a-06c3-4e68-8e04-6b1157ecad61,BMS Service Account Executive,scraper,Schneider Electric,54.20,48.20,near_fit,2,seniority_compatibility,moderate_fit,1
b2ea7772-7085-41b2-b361-de26d1aa2b40,HI,1,e59950c8-3322-4281-a0b4-a3cdcef0c8af,Material Handler,scraper,Ball Corporation,47.80,41.80,near_fit,2,job_family_compatibility,moderate_fit,1
b3785dbe-0134-4623-8b00-9b7839dac14c,CO,1,bd04aa5e-2928-4847-9744-1547a1ab34f1,Material Handler - Forklift / Warehouse Operator,scraper,Ball Corporation,47.80,41.80,near_fit,2,job_family_compatibility,moderate_fit,1
b3785dbe-0134-4623-8b00-9b7839dac14c,CO,1,55ca320c-2898-40a9-9512-907c637508ab,Field Service Representative - Power Distribution/Electrical,scraper,Schneider Electric,46.41,40.41,near_fit,2,job_family_compatibility,moderate_fit,2
b3785dbe-0134-4623-8b00-9b7839dac14c,CO,1,b5a26d13-3f56-4004-8591-56c1e66fae5b,"Wind Hub Technician - CO LW (Grover, CO Area)",scraper,GE Vernova,47.72,41.72,near_fit,3,job_family_compatibility,moderate_fit,3
b3785dbe-0134-4623-8b00-9b7839dac14c,CO,1,a2db9942-94b5-4f01-a5a2-61dee26618be,Production Technician,scraper,Ball Corporation,47.41,41.41,near_fit,3,job_family_compatibility,moderate_fit,4
b3785dbe-0134-4623-8b00-9b7839dac14c,CO,1,acc8ba1f-b40a-40d5-bff8-d3513f34e44c,Machinist,scraper,Ball Corporation,47.19,41.19,near_fit,3,job_family_compatibility,moderate_fit,5
b409a20b-a0a3-416e-8981-aa2e8bd379af,AK,1,c94f3763-7c07-414c-9f9c-c1b8f9280c7a,"Lead Senior Wind Hub Technician - Fire Island (Anchorage, AK)",scraper,GE Vernova,15.17,21.17,ineligible,2,job_family_compatibility,low_fit,1
b4ddea3f-83a3-40e5-bf6d-61ddba543f8d,CA,2,ee7da4c4-6f75-482f-a406-24c03d68ca9a,Electrical Apprentice,seed,Pacific Grid Services,53.84,42.84,near_fit,2,job_family_compatibility,moderate_fit,1
b4ddea3f-83a3-40e5-bf6d-61ddba543f8d,CA,2,53f24894-9291-47ae-8284-33c3ab646baa,Service Specialist II,scraper,Schneider Electric,51.71,45.71,near_fit,2,job_family_compatibility,moderate_fit,2
b4ddea3f-83a3-40e5-bf6d-61ddba543f8d,CA,2,2815b44e-d2c8-4e28-8d97-62127318d2bd,Residential Electrician,seed,Bay Area Electrical Contractors,48.94,42.94,near_fit,2,job_family_compatibility,moderate_fit,3
b4ddea3f-83a3-40e5-bf6d-61ddba543f8d,CA,2,904fbc7d-d495-48f0-a82f-e47f7edb8c44,Electrician — Journey Level,seed,Pacific Grid Services,18.21,19.21,ineligible,2,job_family_compatibility,low_fit,4
b4ddea3f-83a3-40e5-bf6d-61ddba543f8d,CA,2,fd5e0d1f-84b6-4d22-a957-63fdf5b36602,Industrial Electrician Technician,scraper,Ball Corporation,53.31,47.31,near_fit,3,job_family_compatibility,moderate_fit,5
b4ddea3f-83a3-40e5-bf6d-61ddba543f8d,CA,2,8289f495-863f-4244-af82-0f40d2122358,Powerline Technician - Lineman - Underground,scraper,Southwire,46.74,40.74,near_fit,3,job_family_compatibility,moderate_fit,6
b6830d60-9aa2-412a-a226-a48c478de925,CA,2,ee7da4c4-6f75-482f-a406-24c03d68ca9a,Electrical Apprentice,seed,Pacific Grid Services,53.84,42.84,near_fit,2,job_family_compatibility,moderate_fit,1
b6830d60-9aa2-412a-a226-a48c478de925,CA,2,53f24894-9291-47ae-8284-33c3ab646baa,Service Specialist II,scraper,Schneider Electric,51.22,45.22,near_fit,2,job_family_compatibility,moderate_fit,2
b6830d60-9aa2-412a-a226-a48c478de925,CA,2,2815b44e-d2c8-4e28-8d97-62127318d2bd,Residential Electrician,seed,Bay Area Electrical Contractors,48.94,42.94,near_fit,2,job_family_compatibility,moderate_fit,3
b6830d60-9aa2-412a-a226-a48c478de925,CA,2,904fbc7d-d495-48f0-a82f-e47f7edb8c44,Electrician — Journey Level,seed,Pacific Grid Services,18.21,19.21,ineligible,2,job_family_compatibility,low_fit,4
b6830d60-9aa2-412a-a226-a48c478de925,CA,2,fd5e0d1f-84b6-4d22-a957-63fdf5b36602,Industrial Electrician Technician,scraper,Ball Corporation,53.31,47.31,near_fit,3,job_family_compatibility,moderate_fit,5
b6830d60-9aa2-412a-a226-a48c478de925,CA,2,8289f495-863f-4244-af82-0f40d2122358,Powerline Technician - Lineman - Underground,scraper,Southwire,46.74,40.74,near_fit,3,job_family_compatibility,moderate_fit,6
b80cbdfe-fc5a-44ec-9924-58a2f3e04712,IL,2,fcace57a-06c3-4e68-8e04-6b1157ecad61,BMS Service Account Executive,scraper,Schneider Electric,46.07,40.07,near_fit,3,job_family_compatibility,moderate_fit,1
b8ee6208-1273-42e1-935d-832fa440cd7a,AR,2,c1557174-f263-4b94-acae-541575223397,Field Service Technician - HVAC/Cooling,scraper,Schneider Electric,51.71,45.71,near_fit,2,job_family_compatibility,moderate_fit,1
b8ee6208-1273-42e1-935d-832fa440cd7a,AR,2,b5eb6630-f8fa-4f4b-8b46-df30db6d53b0,Field Service Representative,scraper,Schneider Electric,51.12,45.12,near_fit,2,job_family_compatibility,moderate_fit,2
b92491de-e0bb-476d-bd97-b1b492510beb,ID,2,b02f1e6a-a061-457e-bc5d-4660236b7507,"Wind Hub Technician - Idaho 1 (Idaho Falls, ID)",scraper,GE Vernova,51.81,45.81,near_fit,3,job_family_compatibility,moderate_fit,1
b98e0035-070c-42f0-a8a3-e70e184ce374,AK,2,c94f3763-7c07-414c-9f9c-c1b8f9280c7a,"Lead Senior Wind Hub Technician - Fire Island (Anchorage, AK)",scraper,GE Vernova,15.82,21.82,ineligible,2,job_family_compatibility,low_fit,1
b9d740a6-948d-4b55-acdc-91fd8efcad26,AL,2,334c520d-9f9d-4ba6-b719-3ba479d79642,Warehouse Associate Manufacturing II,scraper,Southwire,52.63,46.63,near_fit,3,job_family_compatibility,moderate_fit,1
ba64e409-81b1-44c2-af02-9a601ce37f55,AL,1,946b1c6d-9602-49c2-9e41-76a8da8db0fa,Machine Operator EG,scraper,Southwire,52.07,46.07,near_fit,2,job_family_compatibility,moderate_fit,1
ba64e409-81b1-44c2-af02-9a601ce37f55,AL,1,334c520d-9f9d-4ba6-b719-3ba479d79642,Warehouse Associate Manufacturing II,scraper,Southwire,52.04,46.04,near_fit,3,job_family_compatibility,moderate_fit,2
baa4f5f7-a2e7-4d65-8f7c-430be050fe21,IA,2,8e06db2f-46d1-4c95-9260-54d0d5bf7939,Production Operator,scraper,Schneider Electric,54.84,48.84,near_fit,2,job_family_compatibility,moderate_fit,1
baa4f5f7-a2e7-4d65-8f7c-430be050fe21,IA,2,ee77e28f-dc40-4a0f-92eb-f49562febe70,Manufacturing Production Worker,scraper,Schneider Electric,51.80,45.80,near_fit,2,job_family_compatibility,moderate_fit,2
baa4f5f7-a2e7-4d65-8f7c-430be050fe21,IA,2,ad9ace0a-35e9-4b3a-945f-ea189fa9909a,High Voltage Technician III,scraper,GE Vernova,15.69,21.69,ineligible,2,job_family_compatibility,low_fit,3
baa4f5f7-a2e7-4d65-8f7c-430be050fe21,IA,2,df73ef56-a006-40de-ba19-b61ebe2c0704,Manufacturing Production Worker,scraper,Schneider Electric,53.35,47.35,near_fit,3,job_family_compatibility,moderate_fit,4
baa4f5f7-a2e7-4d65-8f7c-430be050fe21,IA,2,31d4ed44-8500-44fe-8e98-8926fa2dc95a,Quality Technician - 2nd Shift,scraper,Schneider Electric,49.84,43.84,near_fit,3,job_family_compatibility,moderate_fit,5
baa4f5f7-a2e7-4d65-8f7c-430be050fe21,IA,2,a739d570-4a41-4688-a355-cfa5fc8a8192,Quality Technician - 3rd Shift,scraper,Schneider Electric,49.84,43.84,near_fit,3,job_family_compatibility,moderate_fit,6
bac5bf2e-7d5a-41ef-b734-eed3faf0dd67,AK,1,c94f3763-7c07-414c-9f9c-c1b8f9280c7a,"Lead Senior Wind Hub Technician - Fire Island (Anchorage, AK)",scraper,GE Vernova,15.17,21.17,ineligible,2,job_family_compatibility,low_fit,1
bcdd1c2a-29f2-4640-85cc-baaecaa0e143,AK,1,c94f3763-7c07-414c-9f9c-c1b8f9280c7a,"Lead Senior Wind Hub Technician - Fire Island (Anchorage, AK)",scraper,GE Vernova,15.17,21.17,ineligible,2,job_family_compatibility,low_fit,1
be00a6f8-d083-4020-ad42-aa35dd1bd2d8,AK,1,c94f3763-7c07-414c-9f9c-c1b8f9280c7a,"Lead Senior Wind Hub Technician - Fire Island (Anchorage, AK)",scraper,GE Vernova,15.17,21.17,ineligible,2,job_family_compatibility,low_fit,1
be6c66bd-165c-497c-ac87-c0d528bb1a22,CA,2,ee7da4c4-6f75-482f-a406-24c03d68ca9a,Electrical Apprentice,seed,Pacific Grid Services,57.30,46.30,near_fit,2,job_family_compatibility,moderate_fit,1
be6c66bd-165c-497c-ac87-c0d528bb1a22,CA,2,2815b44e-d2c8-4e28-8d97-62127318d2bd,Residential Electrician,seed,Bay Area Electrical Contractors,50.96,44.96,near_fit,2,job_family_compatibility,moderate_fit,2
be6c66bd-165c-497c-ac87-c0d528bb1a22,CA,2,904fbc7d-d495-48f0-a82f-e47f7edb8c44,Electrician — Journey Level,seed,Pacific Grid Services,18.21,19.21,ineligible,2,job_family_compatibility,low_fit,3
be6c66bd-165c-497c-ac87-c0d528bb1a22,CA,2,fd5e0d1f-84b6-4d22-a957-63fdf5b36602,Industrial Electrician Technician,scraper,Ball Corporation,53.55,47.55,near_fit,3,job_family_compatibility,moderate_fit,4
be6c66bd-165c-497c-ac87-c0d528bb1a22,CA,2,8289f495-863f-4244-af82-0f40d2122358,Powerline Technician - Lineman - Underground,scraper,Southwire,47.11,41.11,near_fit,3,job_family_compatibility,moderate_fit,5
bea34fc3-88de-4ea4-9dc5-4f64171bbdf7,CO,2,bd04aa5e-2928-4847-9744-1547a1ab34f1,Material Handler - Forklift / Warehouse Operator,scraper,Ball Corporation,52.87,46.87,near_fit,2,job_family_compatibility,moderate_fit,1
bea34fc3-88de-4ea4-9dc5-4f64171bbdf7,CO,2,55ca320c-2898-40a9-9512-907c637508ab,Field Service Representative - Power Distribution/Electrical,scraper,Schneider Electric,51.12,45.12,near_fit,2,job_family_compatibility,moderate_fit,2
bea34fc3-88de-4ea4-9dc5-4f64171bbdf7,CO,2,a2db9942-94b5-4f01-a5a2-61dee26618be,Production Technician,scraper,Ball Corporation,53.53,47.53,near_fit,3,job_family_compatibility,moderate_fit,3
bea34fc3-88de-4ea4-9dc5-4f64171bbdf7,CO,2,acc8ba1f-b40a-40d5-bff8-d3513f34e44c,Machinist,scraper,Ball Corporation,52.79,46.79,near_fit,3,job_family_compatibility,moderate_fit,4
c0fd860b-9a38-49b7-8bf6-de439a9051bf,AR,1,c1557174-f263-4b94-acae-541575223397,Field Service Technician - HVAC/Cooling,scraper,Schneider Electric,50.59,44.59,near_fit,2,job_family_compatibility,moderate_fit,1
c0fd860b-9a38-49b7-8bf6-de439a9051bf,AR,1,b5eb6630-f8fa-4f4b-8b46-df30db6d53b0,Field Service Representative,scraper,Schneider Electric,50.00,44.00,near_fit,2,job_family_compatibility,moderate_fit,2
c1bf7e3c-9a21-4fbd-8d17-c409a83cb167,IL,2,fcace57a-06c3-4e68-8e04-6b1157ecad61,BMS Service Account Executive,scraper,Schneider Electric,46.07,40.07,near_fit,3,job_family_compatibility,moderate_fit,1
c26b520e-d610-456b-b981-e5275bc934d8,CA,2,ee7da4c4-6f75-482f-a406-24c03d68ca9a,Electrical Apprentice,seed,Pacific Grid Services,53.84,42.84,near_fit,2,job_family_compatibility,moderate_fit,1
c26b520e-d610-456b-b981-e5275bc934d8,CA,2,53f24894-9291-47ae-8284-33c3ab646baa,Service Specialist II,scraper,Schneider Electric,51.22,45.22,near_fit,2,job_family_compatibility,moderate_fit,2
c26b520e-d610-456b-b981-e5275bc934d8,CA,2,2815b44e-d2c8-4e28-8d97-62127318d2bd,Residential Electrician,seed,Bay Area Electrical Contractors,48.94,42.94,near_fit,2,job_family_compatibility,moderate_fit,3
c26b520e-d610-456b-b981-e5275bc934d8,CA,2,904fbc7d-d495-48f0-a82f-e47f7edb8c44,Electrician — Journey Level,seed,Pacific Grid Services,18.21,19.21,ineligible,2,job_family_compatibility,low_fit,4
c26b520e-d610-456b-b981-e5275bc934d8,CA,2,fd5e0d1f-84b6-4d22-a957-63fdf5b36602,Industrial Electrician Technician,scraper,Ball Corporation,53.31,47.31,near_fit,3,job_family_compatibility,moderate_fit,5
c26b520e-d610-456b-b981-e5275bc934d8,CA,2,8289f495-863f-4244-af82-0f40d2122358,Powerline Technician - Lineman - Underground,scraper,Southwire,46.74,40.74,near_fit,3,job_family_compatibility,moderate_fit,6
c33fee69-f883-4826-88b9-27b182be1c84,CO,2,b5a26d13-3f56-4004-8591-56c1e66fae5b,"Wind Hub Technician - CO LW (Grover, CO Area)",scraper,GE Vernova,49.99,43.99,near_fit,3,job_family_compatibility,moderate_fit,1
c3e222ce-8111-4e9c-a357-d1653dc9d3ed,HI,1,e59950c8-3322-4281-a0b4-a3cdcef0c8af,Material Handler,scraper,Ball Corporation,51.74,45.74,near_fit,2,job_family_compatibility,moderate_fit,1
c5cf0919-596f-4453-8a35-7db1bbde68a0,IL,2,fcace57a-06c3-4e68-8e04-6b1157ecad61,BMS Service Account Executive,scraper,Schneider Electric,54.20,48.20,near_fit,2,seniority_compatibility,moderate_fit,1
c6e7ad7a-dfc0-47cc-85e4-12b9c07dd4c0,AR,2,c1557174-f263-4b94-acae-541575223397,Field Service Technician - HVAC/Cooling,scraper,Schneider Electric,51.71,45.71,near_fit,2,job_family_compatibility,moderate_fit,1
c6e7ad7a-dfc0-47cc-85e4-12b9c07dd4c0,AR,2,b5eb6630-f8fa-4f4b-8b46-df30db6d53b0,Field Service Representative,scraper,Schneider Electric,51.12,45.12,near_fit,2,job_family_compatibility,moderate_fit,2
c7ffe6b8-c800-4a6b-9644-29706df21f6f,CO,1,bd04aa5e-2928-4847-9744-1547a1ab34f1,Material Handler - Forklift / Warehouse Operator,scraper,Ball Corporation,47.80,41.80,near_fit,2,job_family_compatibility,moderate_fit,1
c7ffe6b8-c800-4a6b-9644-29706df21f6f,CO,1,55ca320c-2898-40a9-9512-907c637508ab,Field Service Representative - Power Distribution/Electrical,scraper,Schneider Electric,46.41,40.41,near_fit,2,job_family_compatibility,moderate_fit,2
c7ffe6b8-c800-4a6b-9644-29706df21f6f,CO,1,b5a26d13-3f56-4004-8591-56c1e66fae5b,"Wind Hub Technician - CO LW (Grover, CO Area)",scraper,GE Vernova,47.72,41.72,near_fit,3,job_family_compatibility,moderate_fit,3
c7ffe6b8-c800-4a6b-9644-29706df21f6f,CO,1,a2db9942-94b5-4f01-a5a2-61dee26618be,Production Technician,scraper,Ball Corporation,47.41,41.41,near_fit,3,job_family_compatibility,moderate_fit,4
c7ffe6b8-c800-4a6b-9644-29706df21f6f,CO,1,acc8ba1f-b40a-40d5-bff8-d3513f34e44c,Machinist,scraper,Ball Corporation,47.19,41.19,near_fit,3,job_family_compatibility,moderate_fit,5
c99f9fc6-db84-4fd6-a2e7-6bf9f0dcfad0,FL,2,0cf3e86d-7b7b-49b5-b0e7-95f732a9356b,Service Representative - ASCO - Miami,scraper,Schneider Electric,51.49,45.49,near_fit,2,job_family_compatibility,moderate_fit,1
c99f9fc6-db84-4fd6-a2e7-6bf9f0dcfad0,FL,2,d6ce56c8-37c1-4825-9f1c-6a380cc955c6,Service Representative - ASCO - Tallahassee,scraper,Schneider Electric,51.49,45.49,near_fit,2,job_family_compatibility,moderate_fit,2
ca56f774-c614-4366-bc82-6d4f803b2927,AK,2,c94f3763-7c07-414c-9f9c-c1b8f9280c7a,"Lead Senior Wind Hub Technician - Fire Island (Anchorage, AK)",scraper,GE Vernova,15.82,21.82,ineligible,2,job_family_compatibility,low_fit,1
ca5b2936-4a06-479a-8762-ad487454741b,AL,2,946b1c6d-9602-49c2-9e41-76a8da8db0fa,Machine Operator EG,scraper,Southwire,53.66,47.66,near_fit,2,job_family_compatibility,moderate_fit,1
cd193025-1ff1-4a6c-80bd-230eafae9944,AL,2,946b1c6d-9602-49c2-9e41-76a8da8db0fa,Machine Operator EG,scraper,Southwire,53.23,47.23,near_fit,2,job_family_compatibility,moderate_fit,1
cda6468e-cc90-4bcf-ba72-d76d179bbcd8,GA,2,d2b5bb83-b02b-43d9-9075-87bcffd426ba,System Specialist III,scraper,Schneider Electric,15.35,21.35,ineligible,1,job_family_compatibility,low_fit,1
cda6468e-cc90-4bcf-ba72-d76d179bbcd8,GA,2,f598393a-49cf-4330-97e9-3febf3c6614a,HVAC Installer - 2nd Shift (Apprenticeship Program),employer_created,Acme Industrial,57.06,46.06,near_fit,2,job_family_compatibility,moderate_fit,2
cda6468e-cc90-4bcf-ba72-d76d179bbcd8,GA,2,7be0d8c5-61fb-42e0-85e2-e57eaa3c8c92,Building Automation Technician II,scraper,Schneider Electric,51.86,45.86,near_fit,2,job_family_compatibility,moderate_fit,3
cda6468e-cc90-4bcf-ba72-d76d179bbcd8,GA,2,092dfb2b-ff27-4d1b-aa53-8719e5b2f01e,System Specialist I,scraper,Schneider Electric,51.75,45.75,near_fit,2,job_family_compatibility,moderate_fit,4
cda6468e-cc90-4bcf-ba72-d76d179bbcd8,GA,2,6c0c32de-720f-468e-9db4-98fcf35d3476,System Specialist II,scraper,Schneider Electric,51.75,45.75,near_fit,2,job_family_compatibility,moderate_fit,5
cda6468e-cc90-4bcf-ba72-d76d179bbcd8,GA,2,784960ea-8969-447d-935d-2a0e711996d6,System Specialist II,scraper,Schneider Electric,51.75,45.75,near_fit,2,job_family_compatibility,moderate_fit,6
cda6468e-cc90-4bcf-ba72-d76d179bbcd8,GA,2,9089b0d0-9bcc-4423-9a86-9ec534a5f15a,Building Automation Technician II,scraper,Schneider Electric,51.75,45.75,near_fit,2,job_family_compatibility,moderate_fit,7
cda6468e-cc90-4bcf-ba72-d76d179bbcd8,GA,2,91897402-de57-4dab-9099-843ecbb624b3,System Specialist I,scraper,Schneider Electric,51.75,45.75,near_fit,2,job_family_compatibility,moderate_fit,8
cda6468e-cc90-4bcf-ba72-d76d179bbcd8,GA,2,aa9c7ad9-821b-405c-8099-64057cbf133a,System Specialist II,scraper,Schneider Electric,51.75,45.75,near_fit,2,job_family_compatibility,moderate_fit,9
cda6468e-cc90-4bcf-ba72-d76d179bbcd8,GA,2,bd562210-99d4-4bde-8780-2e54953bf3dd,System Specialist II,scraper,Schneider Electric,51.75,45.75,near_fit,2,job_family_compatibility,moderate_fit,10
cda6468e-cc90-4bcf-ba72-d76d179bbcd8,GA,2,619f163a-21a4-402f-ab9c-510eb8b05894,Field Service Technician - HVAC/Cooling,scraper,Schneider Electric,49.20,43.20,near_fit,2,job_family_compatibility,moderate_fit,11
cda6468e-cc90-4bcf-ba72-d76d179bbcd8,GA,2,84ee4830-5a83-48d2-8872-a5a40e7f329b,Field Service Technician - HVAC/Cooling,scraper,Schneider Electric,49.20,43.20,near_fit,2,job_family_compatibility,moderate_fit,12
cda6468e-cc90-4bcf-ba72-d76d179bbcd8,GA,2,6e0cf920-9cdc-40a1-a692-9191c7cde9f1,Welder,scraper,GE Vernova,52.38,46.38,near_fit,3,job_family_compatibility,moderate_fit,13
cda6468e-cc90-4bcf-ba72-d76d179bbcd8,GA,2,1bf0ac7a-e529-4e85-9cdb-5bea8e082fd1,Electronic Technician,scraper,Southwire,50.36,44.36,near_fit,3,job_family_compatibility,moderate_fit,14
cda6468e-cc90-4bcf-ba72-d76d179bbcd8,GA,2,34db19d2-d22c-420b-9ca4-3a0b96da2fae,"Technician, Electronic",scraper,Southwire,50.30,44.30,near_fit,3,job_family_compatibility,moderate_fit,15
cebf3b13-b041-4dc4-8aee-9a71b6fe49bc,FL,1,bc17abfe-738c-446e-b265-c2ab66dc5db5,Material Handler,scraper,Ball Corporation,46.52,40.52,near_fit,2,job_family_compatibility,moderate_fit,1
cebf3b13-b041-4dc4-8aee-9a71b6fe49bc,FL,1,0cf3e86d-7b7b-49b5-b0e7-95f732a9356b,Service Representative - ASCO - Miami,scraper,Schneider Electric,46.44,40.44,near_fit,2,job_family_compatibility,moderate_fit,2
cebf3b13-b041-4dc4-8aee-9a71b6fe49bc,FL,1,b9112c8c-6881-4ed1-8e11-5631d7599fd3,Senior Field Service Representative,scraper,Schneider Electric,46.44,40.44,near_fit,2,job_family_compatibility,moderate_fit,3
cebf3b13-b041-4dc4-8aee-9a71b6fe49bc,FL,1,d6ce56c8-37c1-4825-9f1c-6a380cc955c6,Service Representative - ASCO - Tallahassee,scraper,Schneider Electric,46.44,40.44,near_fit,2,job_family_compatibility,moderate_fit,4
cebf3b13-b041-4dc4-8aee-9a71b6fe49bc,FL,1,b0677759-9c1d-478f-8e04-71c859b8420f,Field Service Representative,scraper,Schneider Electric,46.41,40.41,near_fit,2,job_family_compatibility,moderate_fit,5
cebf3b13-b041-4dc4-8aee-9a71b6fe49bc,FL,1,20c6eb5b-170a-4a62-9a6d-914ebb2d054c,Tooling & Maintenance Specialist - Night Shift,scraper,Ball Corporation,12.84,18.84,ineligible,2,job_family_compatibility,low_fit,6
cebf3b13-b041-4dc4-8aee-9a71b6fe49bc,FL,1,f49de743-0a5c-466f-aa6e-85a5e1abb8bf,Field Service Technician,scraper,GE Vernova,47.91,41.91,near_fit,3,job_family_compatibility,moderate_fit,7
cebf3b13-b041-4dc4-8aee-9a71b6fe49bc,FL,1,30461847-21a9-44c4-a4e8-e702395d0552,Field Service Technician-2,scraper,GE Vernova,47.86,41.86,near_fit,3,job_family_compatibility,moderate_fit,8
cebf3b13-b041-4dc4-8aee-9a71b6fe49bc,FL,1,4f09ba62-f310-4d0e-820d-c4046877a994,Field Service Technician-1,scraper,GE Vernova,47.86,41.86,near_fit,3,job_family_compatibility,moderate_fit,9
cebf3b13-b041-4dc4-8aee-9a71b6fe49bc,FL,1,d4217303-4874-4b65-8c4f-23b62efe1802,Production Technician,scraper,Ball Corporation,47.60,41.60,near_fit,3,job_family_compatibility,moderate_fit,10
cebf3b13-b041-4dc4-8aee-9a71b6fe49bc,FL,1,aa811a27-0a08-4d88-a8ac-5eb9574db89b,GE Vernova Project Management Specialist,scraper,GE Vernova,47.48,41.48,near_fit,3,job_family_compatibility,moderate_fit,11
cebf3b13-b041-4dc4-8aee-9a71b6fe49bc,FL,1,a50ce27e-34e7-4a00-821d-3066412287bf,"Materials Leader (Pensacola, FL)",scraper,GE Vernova,46.94,40.94,near_fit,3,job_family_compatibility,moderate_fit,12
cf36f9a3-66b9-4a4d-808f-00f3621e49cb,CA,2,ee7da4c4-6f75-482f-a406-24c03d68ca9a,Electrical Apprentice,seed,Pacific Grid Services,53.84,42.84,near_fit,2,job_family_compatibility,moderate_fit,1
cf36f9a3-66b9-4a4d-808f-00f3621e49cb,CA,2,53f24894-9291-47ae-8284-33c3ab646baa,Service Specialist II,scraper,Schneider Electric,51.71,45.71,near_fit,2,job_family_compatibility,moderate_fit,2
cf36f9a3-66b9-4a4d-808f-00f3621e49cb,CA,2,2815b44e-d2c8-4e28-8d97-62127318d2bd,Residential Electrician,seed,Bay Area Electrical Contractors,48.94,42.94,near_fit,2,job_family_compatibility,moderate_fit,3
cf36f9a3-66b9-4a4d-808f-00f3621e49cb,CA,2,904fbc7d-d495-48f0-a82f-e47f7edb8c44,Electrician — Journey Level,seed,Pacific Grid Services,18.21,19.21,ineligible,2,job_family_compatibility,low_fit,4
cf36f9a3-66b9-4a4d-808f-00f3621e49cb,CA,2,fd5e0d1f-84b6-4d22-a957-63fdf5b36602,Industrial Electrician Technician,scraper,Ball Corporation,53.31,47.31,near_fit,3,job_family_compatibility,moderate_fit,5
cf36f9a3-66b9-4a4d-808f-00f3621e49cb,CA,2,8289f495-863f-4244-af82-0f40d2122358,Powerline Technician - Lineman - Underground,scraper,Southwire,46.74,40.74,near_fit,3,job_family_compatibility,moderate_fit,6
cfd78716-a886-4542-a450-d41005eeb128,AR,2,c1557174-f263-4b94-acae-541575223397,Field Service Technician - HVAC/Cooling,scraper,Schneider Electric,51.71,45.71,near_fit,2,job_family_compatibility,moderate_fit,1
cfd78716-a886-4542-a450-d41005eeb128,AR,2,b5eb6630-f8fa-4f4b-8b46-df30db6d53b0,Field Service Representative,scraper,Schneider Electric,51.12,45.12,near_fit,2,job_family_compatibility,moderate_fit,2
d01d8ed7-8417-4c55-b635-098648084059,AK,2,c94f3763-7c07-414c-9f9c-c1b8f9280c7a,"Lead Senior Wind Hub Technician - Fire Island (Anchorage, AK)",scraper,GE Vernova,15.82,21.82,ineligible,2,job_family_compatibility,low_fit,1
d0f737fe-aa80-43d7-9649-3f7d8046f93c,AK,1,c94f3763-7c07-414c-9f9c-c1b8f9280c7a,"Lead Senior Wind Hub Technician - Fire Island (Anchorage, AK)",scraper,GE Vernova,15.17,21.17,ineligible,2,job_family_compatibility,low_fit,1
d1c10677-7357-412f-bbcb-36f49522bc9e,IA,2,8e06db2f-46d1-4c95-9260-54d0d5bf7939,Production Operator,scraper,Schneider Electric,54.40,48.40,near_fit,2,job_family_compatibility,moderate_fit,1
d1c10677-7357-412f-bbcb-36f49522bc9e,IA,2,ee77e28f-dc40-4a0f-92eb-f49562febe70,Manufacturing Production Worker,scraper,Schneider Electric,51.38,45.38,near_fit,2,job_family_compatibility,moderate_fit,2
d1c10677-7357-412f-bbcb-36f49522bc9e,IA,2,df73ef56-a006-40de-ba19-b61ebe2c0704,Manufacturing Production Worker,scraper,Schneider Electric,52.92,46.92,near_fit,3,job_family_compatibility,moderate_fit,3
d1c10677-7357-412f-bbcb-36f49522bc9e,IA,2,31d4ed44-8500-44fe-8e98-8926fa2dc95a,Quality Technician - 2nd Shift,scraper,Schneider Electric,49.42,43.42,near_fit,3,job_family_compatibility,moderate_fit,4
d1c10677-7357-412f-bbcb-36f49522bc9e,IA,2,a739d570-4a41-4688-a355-cfa5fc8a8192,Quality Technician - 3rd Shift,scraper,Schneider Electric,49.42,43.42,near_fit,3,job_family_compatibility,moderate_fit,5
d26ac804-7e5e-4b68-b190-2eb68f608637,ID,1,b02f1e6a-a061-457e-bc5d-4660236b7507,"Wind Hub Technician - Idaho 1 (Idaho Falls, ID)",scraper,GE Vernova,50.69,44.69,near_fit,3,job_family_compatibility,moderate_fit,1
d284e306-8f11-48b5-9a78-e15a82bb2995,CO,2,bd04aa5e-2928-4847-9744-1547a1ab34f1,Material Handler - Forklift / Warehouse Operator,scraper,Ball Corporation,52.37,46.37,near_fit,2,job_family_compatibility,moderate_fit,1
d388f0dd-36b1-483a-b54c-129f7da34420,IL,2,fc5c1942-f214-48df-971b-7037fe3e837b,Warehouse Specialist,scraper,Southwire,53.16,47.16,near_fit,2,job_family_compatibility,moderate_fit,1
d388f0dd-36b1-483a-b54c-129f7da34420,IL,2,261a3edb-0c61-4e40-9158-f20534009c48,"Hourly Production Team Member - Temporary Full Time - Chicago, IL",scraper,Ford Motor Company,51.80,45.80,near_fit,2,job_family_compatibility,moderate_fit,2
d388f0dd-36b1-483a-b54c-129f7da34420,IL,2,49901a3c-4bf5-43a9-95ff-55190786efcd,Field Service Representative,scraper,Schneider Electric,51.16,45.16,near_fit,2,job_family_compatibility,moderate_fit,3
d388f0dd-36b1-483a-b54c-129f7da34420,IL,2,73c15577-8c61-4e8c-9320-8d11d8918722,Systems Field Service Representative - Chicago,scraper,Schneider Electric,51.16,45.16,near_fit,2,job_family_compatibility,moderate_fit,4
d388f0dd-36b1-483a-b54c-129f7da34420,IL,2,268dd605-3bff-4563-ab00-de5ff47358a1,Field Service Representative,scraper,Schneider Electric,51.12,45.12,near_fit,2,job_family_compatibility,moderate_fit,5
d388f0dd-36b1-483a-b54c-129f7da34420,IL,2,738888d5-42a6-46d6-a8f2-415f663dda9f,Field Service Representative - Secure Power/Electronic,scraper,Schneider Electric,51.12,45.12,near_fit,2,job_family_compatibility,moderate_fit,6
d388f0dd-36b1-483a-b54c-129f7da34420,IL,2,fcace57a-06c3-4e68-8e04-6b1157ecad61,BMS Service Account Executive,scraper,Schneider Electric,45.61,39.61,near_fit,3,job_family_compatibility,moderate_fit,7
d42f1b84-1641-42cf-a472-48ac2526ad9f,AR,2,c1557174-f263-4b94-acae-541575223397,Field Service Technician - HVAC/Cooling,scraper,Schneider Electric,51.71,45.71,near_fit,2,job_family_compatibility,moderate_fit,1
d42f1b84-1641-42cf-a472-48ac2526ad9f,AR,2,b5eb6630-f8fa-4f4b-8b46-df30db6d53b0,Field Service Representative,scraper,Schneider Electric,51.12,45.12,near_fit,2,job_family_compatibility,moderate_fit,2
d462783b-05f6-4a62-946a-f1184d3fd20d,AK,1,c94f3763-7c07-414c-9f9c-c1b8f9280c7a,"Lead Senior Wind Hub Technician - Fire Island (Anchorage, AK)",scraper,GE Vernova,15.17,21.17,ineligible,2,job_family_compatibility,low_fit,1
d5920d75-9e43-41ee-a013-b20a48897453,ID,1,b02f1e6a-a061-457e-bc5d-4660236b7507,"Wind Hub Technician - Idaho 1 (Idaho Falls, ID)",scraper,GE Vernova,50.69,44.69,near_fit,3,job_family_compatibility,moderate_fit,1
d595b571-0cc1-4693-8c61-5f3dd08eb381,FL,2,0cf3e86d-7b7b-49b5-b0e7-95f732a9356b,Service Representative - ASCO - Miami,scraper,Schneider Electric,60.28,54.28,near_fit,1,required_credential_compatibility,good_fit,1
d595b571-0cc1-4693-8c61-5f3dd08eb381,FL,2,d6ce56c8-37c1-4825-9f1c-6a380cc955c6,Service Representative - ASCO - Tallahassee,scraper,Schneider Electric,60.28,54.28,near_fit,1,required_credential_compatibility,good_fit,2
d6f906fd-2b7c-4a58-acd7-52c744ebd22f,IA,2,ad9ace0a-35e9-4b3a-945f-ea189fa9909a,High Voltage Technician III,scraper,GE Vernova,20.03,26.03,ineligible,1,required_credential_compatibility,low_fit,1
d9efd468-486a-44ef-90d1-c7de1a826958,HI,1,e59950c8-3322-4281-a0b4-a3cdcef0c8af,Material Handler,scraper,Ball Corporation,51.74,45.74,near_fit,2,job_family_compatibility,moderate_fit,1
da7d4353-1a17-482f-ac69-bc83af604183,FL,2,0cf3e86d-7b7b-49b5-b0e7-95f732a9356b,Service Representative - ASCO - Miami,scraper,Schneider Electric,51.16,45.16,near_fit,2,job_family_compatibility,moderate_fit,1
da7d4353-1a17-482f-ac69-bc83af604183,FL,2,d6ce56c8-37c1-4825-9f1c-6a380cc955c6,Service Representative - ASCO - Tallahassee,scraper,Schneider Electric,51.16,45.16,near_fit,2,job_family_compatibility,moderate_fit,2
da94bc45-79d9-46c7-89be-6b8f9fb8b54e,AZ,2,abb0d5f2-47b2-4d88-99e3-319caef8a27c,Manufacturing Cell Lead (2nd Shift),scraper,Schneider Electric,15.31,21.31,ineligible,1,job_family_compatibility,low_fit,1
da94bc45-79d9-46c7-89be-6b8f9fb8b54e,AZ,2,95614908-a096-4942-98c5-186ebfeb031f,HVAC-Electrical Technician,seed,Southwest Electric & HVAC,53.20,47.20,near_fit,2,job_family_compatibility,moderate_fit,2
da94bc45-79d9-46c7-89be-6b8f9fb8b54e,AZ,2,392f14b7-7f5d-4e24-a95c-91318ad5e80b,Field Service Representative - HVAC/Cooling,scraper,Schneider Electric,51.87,45.87,near_fit,2,job_family_compatibility,moderate_fit,3
da94bc45-79d9-46c7-89be-6b8f9fb8b54e,AZ,2,5b7de9fd-608f-4751-bf57-ea7f12da966f,Continuous Improvement Leader,scraper,Schneider Electric,49.55,43.55,near_fit,2,job_family_compatibility,moderate_fit,4
db0352b8-4723-44d4-b616-50e8ae9cefd4,IA,2,ad9ace0a-35e9-4b3a-945f-ea189fa9909a,High Voltage Technician III,scraper,GE Vernova,20.03,26.03,ineligible,1,required_credential_compatibility,low_fit,1
ddf5e740-8120-4996-b310-deedc5911ff8,FL,2,0cf3e86d-7b7b-49b5-b0e7-95f732a9356b,Service Representative - ASCO - Miami,scraper,Schneider Electric,51.16,45.16,near_fit,2,job_family_compatibility,moderate_fit,1
ddf5e740-8120-4996-b310-deedc5911ff8,FL,2,d6ce56c8-37c1-4825-9f1c-6a380cc955c6,Service Representative - ASCO - Tallahassee,scraper,Schneider Electric,51.16,45.16,near_fit,2,job_family_compatibility,moderate_fit,2
de00db31-95d4-4f59-b838-83ed787df553,FL,1,f49de743-0a5c-466f-aa6e-85a5e1abb8bf,Field Service Technician,scraper,GE Vernova,54.23,48.23,near_fit,2,job_family_compatibility,moderate_fit,1
de00db31-95d4-4f59-b838-83ed787df553,FL,1,aa811a27-0a08-4d88-a8ac-5eb9574db89b,GE Vernova Project Management Specialist,scraper,GE Vernova,53.81,47.81,near_fit,2,job_family_compatibility,moderate_fit,2
de00db31-95d4-4f59-b838-83ed787df553,FL,1,30461847-21a9-44c4-a4e8-e702395d0552,Field Service Technician-2,scraper,GE Vernova,53.13,47.13,near_fit,2,job_family_compatibility,moderate_fit,3
de00db31-95d4-4f59-b838-83ed787df553,FL,1,4f09ba62-f310-4d0e-820d-c4046877a994,Field Service Technician-1,scraper,GE Vernova,53.13,47.13,near_fit,2,job_family_compatibility,moderate_fit,4
de00db31-95d4-4f59-b838-83ed787df553,FL,1,bc17abfe-738c-446e-b265-c2ab66dc5db5,Material Handler,scraper,Ball Corporation,50.46,44.46,near_fit,2,job_family_compatibility,moderate_fit,5
de00db31-95d4-4f59-b838-83ed787df553,FL,1,0cf3e86d-7b7b-49b5-b0e7-95f732a9356b,Service Representative - ASCO - Miami,scraper,Schneider Electric,50.03,44.03,near_fit,2,job_family_compatibility,moderate_fit,6
de00db31-95d4-4f59-b838-83ed787df553,FL,1,b9112c8c-6881-4ed1-8e11-5631d7599fd3,Senior Field Service Representative,scraper,Schneider Electric,50.03,44.03,near_fit,2,job_family_compatibility,moderate_fit,7
de00db31-95d4-4f59-b838-83ed787df553,FL,1,d6ce56c8-37c1-4825-9f1c-6a380cc955c6,Service Representative - ASCO - Tallahassee,scraper,Schneider Electric,50.03,44.03,near_fit,2,job_family_compatibility,moderate_fit,8
de00db31-95d4-4f59-b838-83ed787df553,FL,1,b0677759-9c1d-478f-8e04-71c859b8420f,Field Service Representative,scraper,Schneider Electric,50.00,44.00,near_fit,2,job_family_compatibility,moderate_fit,9
de00db31-95d4-4f59-b838-83ed787df553,FL,1,20c6eb5b-170a-4a62-9a6d-914ebb2d054c,Tooling & Maintenance Specialist - Night Shift,scraper,Ball Corporation,14.68,20.68,ineligible,2,job_family_compatibility,low_fit,10
de00db31-95d4-4f59-b838-83ed787df553,FL,1,d4217303-4874-4b65-8c4f-23b62efe1802,Production Technician,scraper,Ball Corporation,52.60,46.60,near_fit,3,job_family_compatibility,moderate_fit,11
de00db31-95d4-4f59-b838-83ed787df553,FL,1,a50ce27e-34e7-4a00-821d-3066412287bf,"Materials Leader (Pensacola, FL)",scraper,GE Vernova,50.53,44.53,near_fit,3,job_family_compatibility,moderate_fit,12
de18388a-6b15-439b-96e8-06099a878e05,GA,2,dde856d5-1a5e-449a-b28c-c621262d2fdb,Field Service Technician I,scraper,Schneider Electric,51.94,45.94,near_fit,1,job_family_compatibility,moderate_fit,1
de18388a-6b15-439b-96e8-06099a878e05,GA,2,d2b5bb83-b02b-43d9-9075-87bcffd426ba,System Specialist III,scraper,Schneider Electric,15.35,21.35,ineligible,1,job_family_compatibility,low_fit,2
de18388a-6b15-439b-96e8-06099a878e05,GA,2,6e0cf920-9cdc-40a1-a692-9191c7cde9f1,Welder,scraper,GE Vernova,60.92,54.92,near_fit,2,seniority_compatibility,good_fit,3
de18388a-6b15-439b-96e8-06099a878e05,GA,2,f598393a-49cf-4330-97e9-3febf3c6614a,HVAC Installer - 2nd Shift (Apprenticeship Program),employer_created,Acme Industrial,57.06,46.06,near_fit,2,job_family_compatibility,moderate_fit,4
de18388a-6b15-439b-96e8-06099a878e05,GA,2,88fed694-ea9b-4bfa-a0e3-7edf70bcfc1a,Materials Handler,scraper,Southwire,53.16,47.16,near_fit,2,job_family_compatibility,moderate_fit,5
de18388a-6b15-439b-96e8-06099a878e05,GA,2,07217a0b-d6bf-4e3f-a895-d81309df4cf2,Aircraft Mtc Surface Coat Technician,scraper,Delta Air Lines,53.09,47.09,near_fit,2,job_family_compatibility,moderate_fit,6
de18388a-6b15-439b-96e8-06099a878e05,GA,2,7589aba9-4d64-4d0f-83dc-238301e9777a,AMT - Avionics - Component Maintenance,scraper,Delta Air Lines,52.75,46.75,near_fit,2,job_family_compatibility,moderate_fit,7
de18388a-6b15-439b-96e8-06099a878e05,GA,2,01811a18-2fb7-4c0a-a7e0-15143caaf65e,Ground Maintenance Mechanic (Stationary) - ATL,scraper,Delta Air Lines,52.50,46.50,near_fit,2,job_family_compatibility,moderate_fit,8
de18388a-6b15-439b-96e8-06099a878e05,GA,2,219d497c-2d8d-4ea1-bfd1-da18bc79a201,Aircraft Support Mechanic,scraper,Delta Air Lines,52.50,46.50,near_fit,2,job_family_compatibility,moderate_fit,9
de18388a-6b15-439b-96e8-06099a878e05,GA,2,c2caf92c-6f39-4f8f-987a-817169014ab5,Aircraft Support Mechanic,scraper,Delta Air Lines,52.50,46.50,near_fit,2,job_family_compatibility,moderate_fit,10
de18388a-6b15-439b-96e8-06099a878e05,GA,2,88be611e-8df7-464a-91a3-fbaa826c984f,Ground Maintenance Mechanic (Motorized) - ATL,scraper,Delta Air Lines,52.44,46.44,near_fit,2,job_family_compatibility,moderate_fit,11
de18388a-6b15-439b-96e8-06099a878e05,GA,2,51b5fe5a-552b-48f1-8dd9-c51a3c65fbde,Aircraft Maintenance Technician 2,scraper,Delta Air Lines,52.34,46.34,near_fit,2,job_family_compatibility,moderate_fit,12
de18388a-6b15-439b-96e8-06099a878e05,GA,2,7be0d8c5-61fb-42e0-85e2-e57eaa3c8c92,Building Automation Technician II,scraper,Schneider Electric,51.86,45.86,near_fit,2,job_family_compatibility,moderate_fit,13
de18388a-6b15-439b-96e8-06099a878e05,GA,2,23cc0d4f-2f56-4972-9c03-5b87c1ff0806,Hourly Warehouse Team Member - Temporary Full-Time - Atlanta HVC (PS&L),employer_import,Ford Motor Company,51.80,45.80,near_fit,2,job_family_compatibility,moderate_fit,14
de18388a-6b15-439b-96e8-06099a878e05,GA,2,092dfb2b-ff27-4d1b-aa53-8719e5b2f01e,System Specialist I,scraper,Schneider Electric,51.75,45.75,near_fit,2,job_family_compatibility,moderate_fit,15
de18388a-6b15-439b-96e8-06099a878e05,GA,2,6c0c32de-720f-468e-9db4-98fcf35d3476,System Specialist II,scraper,Schneider Electric,51.75,45.75,near_fit,2,job_family_compatibility,moderate_fit,16
de18388a-6b15-439b-96e8-06099a878e05,GA,2,784960ea-8969-447d-935d-2a0e711996d6,System Specialist II,scraper,Schneider Electric,51.75,45.75,near_fit,2,job_family_compatibility,moderate_fit,17
de18388a-6b15-439b-96e8-06099a878e05,GA,2,9089b0d0-9bcc-4423-9a86-9ec534a5f15a,Building Automation Technician II,scraper,Schneider Electric,51.75,45.75,near_fit,2,job_family_compatibility,moderate_fit,18
de18388a-6b15-439b-96e8-06099a878e05,GA,2,91897402-de57-4dab-9099-843ecbb624b3,System Specialist I,scraper,Schneider Electric,51.75,45.75,near_fit,2,job_family_compatibility,moderate_fit,19
de18388a-6b15-439b-96e8-06099a878e05,GA,2,aa9c7ad9-821b-405c-8099-64057cbf133a,System Specialist II,scraper,Schneider Electric,51.75,45.75,near_fit,2,job_family_compatibility,moderate_fit,20
de18388a-6b15-439b-96e8-06099a878e05,GA,2,bd562210-99d4-4bde-8780-2e54953bf3dd,System Specialist II,scraper,Schneider Electric,51.75,45.75,near_fit,2,job_family_compatibility,moderate_fit,21
de18388a-6b15-439b-96e8-06099a878e05,GA,2,2d4478e8-6572-4cea-9bed-ebb35b0452ad,Field Service Representative - Secure Power/Electronic,scraper,Schneider Electric,51.12,45.12,near_fit,2,job_family_compatibility,moderate_fit,22
de18388a-6b15-439b-96e8-06099a878e05,GA,2,4e19e54f-bbc8-4fd7-b592-eec1b5dd3bb6,Field Service Representative - Power Distribution/Electrical,scraper,Schneider Electric,51.12,45.12,near_fit,2,job_family_compatibility,moderate_fit,23
de18388a-6b15-439b-96e8-06099a878e05,GA,2,a25b80fb-8867-4bcf-a7f1-659b46569740,Field Service Representative I,scraper,Schneider Electric,51.12,45.12,near_fit,2,job_family_compatibility,moderate_fit,24
de18388a-6b15-439b-96e8-06099a878e05,GA,2,a73a1c20-1806-418a-93c9-d8d84fa23ae3,Field Service Representative I,scraper,Schneider Electric,51.12,45.12,near_fit,2,job_family_compatibility,moderate_fit,25
de18388a-6b15-439b-96e8-06099a878e05,GA,2,c98f5980-0f8d-4ab0-8c1e-0b16113ef018,Field Service Representative - Power Distribution/Electrical,scraper,Schneider Electric,51.12,45.12,near_fit,2,job_family_compatibility,moderate_fit,26
de18388a-6b15-439b-96e8-06099a878e05,GA,2,dbcdcc74-0ea5-4c37-ad66-1bbc27f2fd34,Field Service Representative I,scraper,Schneider Electric,51.12,45.12,near_fit,2,job_family_compatibility,moderate_fit,27
de18388a-6b15-439b-96e8-06099a878e05,GA,2,dd301bdc-0e82-4e98-9e14-57c8247c0260,Field Service Representative - Power Distribution/Electrical,scraper,Schneider Electric,51.12,45.12,near_fit,2,job_family_compatibility,moderate_fit,28
de18388a-6b15-439b-96e8-06099a878e05,GA,2,5ed09f56-d309-4c8d-9513-b28283aba939,Machinist,scraper,GE Vernova,49.95,43.95,near_fit,2,job_family_compatibility,moderate_fit,29
de18388a-6b15-439b-96e8-06099a878e05,GA,2,129030bc-0db8-4ed9-b4c0-25583cbef1ba,Field Service Technician,scraper,Schneider Electric,49.20,43.20,near_fit,2,job_family_compatibility,moderate_fit,30
de18388a-6b15-439b-96e8-06099a878e05,GA,2,619f163a-21a4-402f-ab9c-510eb8b05894,Field Service Technician - HVAC/Cooling,scraper,Schneider Electric,49.20,43.20,near_fit,2,job_family_compatibility,moderate_fit,31
de18388a-6b15-439b-96e8-06099a878e05,GA,2,84ee4830-5a83-48d2-8872-a5a40e7f329b,Field Service Technician - HVAC/Cooling,scraper,Schneider Electric,49.20,43.20,near_fit,2,job_family_compatibility,moderate_fit,32
de18388a-6b15-439b-96e8-06099a878e05,GA,2,2713d0f9-14c5-40f6-b6d4-8c648816908e,Production Technician,scraper,Ball Corporation,53.62,47.62,near_fit,3,job_family_compatibility,moderate_fit,33
de18388a-6b15-439b-96e8-06099a878e05,GA,2,6b516d60-f9b8-449c-a7f4-b4a140372932,Order Filler,scraper,Southwire,53.35,47.35,near_fit,3,job_family_compatibility,moderate_fit,34
de18388a-6b15-439b-96e8-06099a878e05,GA,2,3a49304e-d302-4423-a97a-4f65ef8ac44d,Machinist millwright,scraper,Ball Corporation,52.78,46.78,near_fit,3,job_family_compatibility,moderate_fit,35
de18388a-6b15-439b-96e8-06099a878e05,GA,2,050f299a-3320-4e53-91aa-e93418d2ab99,Buncher Operator II,employer_import,Southwire,52.73,46.73,near_fit,3,job_family_compatibility,moderate_fit,36
de18388a-6b15-439b-96e8-06099a878e05,GA,2,7b12cd8f-f67a-4e7c-8890-2a3b1edbe2b7,Extruder Operator II (2nd Shift),employer_import,Southwire,52.73,46.73,near_fit,3,job_family_compatibility,moderate_fit,37
de18388a-6b15-439b-96e8-06099a878e05,GA,2,d2b34f76-7d66-4bee-bcb0-269bbb7d0f75,Take-up Operator I,scraper,Southwire,52.70,46.70,near_fit,3,job_family_compatibility,moderate_fit,38
de18388a-6b15-439b-96e8-06099a878e05,GA,2,0336a541-1cd7-4970-b181-33a30857fa4c,Armoring Machine Operator,scraper,Southwire,52.66,46.66,near_fit,3,job_family_compatibility,moderate_fit,39
de18388a-6b15-439b-96e8-06099a878e05,GA,2,609a49ef-4f83-4ef1-a315-0debfc1faa16,"Operator, Take Up I",scraper,Southwire,52.66,46.66,near_fit,3,job_family_compatibility,moderate_fit,40
de18388a-6b15-439b-96e8-06099a878e05,GA,2,67b5286c-436e-453c-aefb-acc7d5793715,Armoring Machine Operator,employer_import,Southwire,52.66,46.66,near_fit,3,job_family_compatibility,moderate_fit,41
de18388a-6b15-439b-96e8-06099a878e05,GA,2,97e3ae11-f613-41dd-adca-c8d1e4d5cdaa,"Operator, Take Up I",scraper,Southwire,52.66,46.66,near_fit,3,job_family_compatibility,moderate_fit,42
de18388a-6b15-439b-96e8-06099a878e05,GA,2,dd3d814c-135d-4c3a-9dfc-fd6607803797,Armoring Machine Operator,scraper,Southwire,52.66,46.66,near_fit,3,job_family_compatibility,moderate_fit,43
de18388a-6b15-439b-96e8-06099a878e05,GA,2,8e1eb9a8-1dea-4839-8b5b-98dcc8d257e9,Machinist I,scraper,Southwire,52.65,46.65,near_fit,3,job_family_compatibility,moderate_fit,44
de18388a-6b15-439b-96e8-06099a878e05,GA,2,2f35d354-c982-4f31-b4fe-ea388c7854ae,"Operator, Extruder II",scraper,Southwire,52.64,46.64,near_fit,3,job_family_compatibility,moderate_fit,45
de18388a-6b15-439b-96e8-06099a878e05,GA,2,3ecaaebf-ef87-4111-bb8d-13ee3cdabd7b,Extruder Operator II,scraper,Southwire,52.64,46.64,near_fit,3,job_family_compatibility,moderate_fit,46
de18388a-6b15-439b-96e8-06099a878e05,GA,2,92590e54-154b-4c57-bb63-9474a07ed6f7,Warehouse Associate Manufacturing II,scraper,Southwire,52.63,46.63,near_fit,3,job_family_compatibility,moderate_fit,47
de18388a-6b15-439b-96e8-06099a878e05,GA,2,bf6b4bf7-bb1c-4622-ba58-0f138afba361,Warehouse Associate Manufacturing II,scraper,Southwire,52.63,46.63,near_fit,3,job_family_compatibility,moderate_fit,48
de18388a-6b15-439b-96e8-06099a878e05,GA,2,6a2fad85-24bd-4ef0-96c2-b87f6416fc5c,"Operator, Drawing I",scraper,Southwire,52.62,46.62,near_fit,3,job_family_compatibility,moderate_fit,49
de18388a-6b15-439b-96e8-06099a878e05,GA,2,c5c038f7-28c1-4d3d-8c12-933878644fc1,Warehouse Associate Manufacturing II,scraper,Southwire,52.62,46.62,near_fit,3,job_family_compatibility,moderate_fit,50
df9dbdb0-fb96-4896-9a50-19a4f709e9a5,FL,2,f49de743-0a5c-466f-aa6e-85a5e1abb8bf,Field Service Technician,scraper,GE Vernova,55.36,49.36,near_fit,2,job_family_compatibility,moderate_fit,1
df9dbdb0-fb96-4896-9a50-19a4f709e9a5,FL,2,aa811a27-0a08-4d88-a8ac-5eb9574db89b,GE Vernova Project Management Specialist,scraper,GE Vernova,55.03,49.03,near_fit,2,job_family_compatibility,moderate_fit,2
df9dbdb0-fb96-4896-9a50-19a4f709e9a5,FL,2,4f09ba62-f310-4d0e-820d-c4046877a994,Field Service Technician-1,scraper,GE Vernova,54.13,48.13,near_fit,2,job_family_compatibility,moderate_fit,3
df9dbdb0-fb96-4896-9a50-19a4f709e9a5,FL,2,b9112c8c-6881-4ed1-8e11-5631d7599fd3,Senior Field Service Representative,scraper,Schneider Electric,51.16,45.16,near_fit,2,job_family_compatibility,moderate_fit,4
df9dbdb0-fb96-4896-9a50-19a4f709e9a5,FL,2,b0677759-9c1d-478f-8e04-71c859b8420f,Field Service Representative,scraper,Schneider Electric,51.12,45.12,near_fit,2,job_family_compatibility,moderate_fit,5
df9dbdb0-fb96-4896-9a50-19a4f709e9a5,FL,2,20c6eb5b-170a-4a62-9a6d-914ebb2d054c,Tooling & Maintenance Specialist - Night Shift,scraper,Ball Corporation,15.12,21.12,ineligible,2,job_family_compatibility,low_fit,6
df9dbdb0-fb96-4896-9a50-19a4f709e9a5,FL,2,d4217303-4874-4b65-8c4f-23b62efe1802,Production Technician,scraper,Ball Corporation,53.23,47.23,near_fit,3,job_family_compatibility,moderate_fit,7
dfc66469-4bec-4e0b-a39a-e3919b0e139d,IA,2,ad9ace0a-35e9-4b3a-945f-ea189fa9909a,High Voltage Technician III,scraper,GE Vernova,15.69,21.69,ineligible,2,job_family_compatibility,low_fit,1
e04ebe66-4c38-4601-9222-723f2784601f,AL,1,946b1c6d-9602-49c2-9e41-76a8da8db0fa,Machine Operator EG,scraper,Southwire,52.07,46.07,near_fit,2,job_family_compatibility,moderate_fit,1
e04ebe66-4c38-4601-9222-723f2784601f,AL,1,334c520d-9f9d-4ba6-b719-3ba479d79642,Warehouse Associate Manufacturing II,scraper,Southwire,52.04,46.04,near_fit,3,job_family_compatibility,moderate_fit,2
e18853b4-0248-4e33-8f16-37f0d16a0b77,GA,2,dde856d5-1a5e-449a-b28c-c621262d2fdb,Field Service Technician I,scraper,Schneider Electric,51.94,45.94,near_fit,1,job_family_compatibility,moderate_fit,1
e18853b4-0248-4e33-8f16-37f0d16a0b77,GA,2,d2b5bb83-b02b-43d9-9075-87bcffd426ba,System Specialist III,scraper,Schneider Electric,15.12,21.12,ineligible,1,job_family_compatibility,low_fit,2
e18853b4-0248-4e33-8f16-37f0d16a0b77,GA,2,f598393a-49cf-4330-97e9-3febf3c6614a,HVAC Installer - 2nd Shift (Apprenticeship Program),employer_created,Acme Industrial,57.06,46.06,near_fit,2,job_family_compatibility,moderate_fit,3
e18853b4-0248-4e33-8f16-37f0d16a0b77,GA,2,88fed694-ea9b-4bfa-a0e3-7edf70bcfc1a,Materials Handler,scraper,Southwire,52.74,46.74,near_fit,2,job_family_compatibility,moderate_fit,4
e18853b4-0248-4e33-8f16-37f0d16a0b77,GA,2,219d497c-2d8d-4ea1-bfd1-da18bc79a201,Aircraft Support Mechanic,scraper,Delta Air Lines,52.00,46.00,near_fit,2,job_family_compatibility,moderate_fit,5
e18853b4-0248-4e33-8f16-37f0d16a0b77,GA,2,c2caf92c-6f39-4f8f-987a-817169014ab5,Aircraft Support Mechanic,scraper,Delta Air Lines,52.00,46.00,near_fit,2,job_family_compatibility,moderate_fit,6
e18853b4-0248-4e33-8f16-37f0d16a0b77,GA,2,619f163a-21a4-402f-ab9c-510eb8b05894,Field Service Technician - HVAC/Cooling,scraper,Schneider Electric,51.37,45.37,near_fit,2,job_family_compatibility,moderate_fit,7
e18853b4-0248-4e33-8f16-37f0d16a0b77,GA,2,84ee4830-5a83-48d2-8872-a5a40e7f329b,Field Service Technician - HVAC/Cooling,scraper,Schneider Electric,51.37,45.37,near_fit,2,job_family_compatibility,moderate_fit,8
e18853b4-0248-4e33-8f16-37f0d16a0b77,GA,2,7be0d8c5-61fb-42e0-85e2-e57eaa3c8c92,Building Automation Technician II,scraper,Schneider Electric,51.36,45.36,near_fit,2,job_family_compatibility,moderate_fit,9
e18853b4-0248-4e33-8f16-37f0d16a0b77,GA,2,6c0c32de-720f-468e-9db4-98fcf35d3476,System Specialist II,scraper,Schneider Electric,51.26,45.26,near_fit,2,job_family_compatibility,moderate_fit,10
e18853b4-0248-4e33-8f16-37f0d16a0b77,GA,2,092dfb2b-ff27-4d1b-aa53-8719e5b2f01e,System Specialist I,scraper,Schneider Electric,51.25,45.25,near_fit,2,job_family_compatibility,moderate_fit,11
e18853b4-0248-4e33-8f16-37f0d16a0b77,GA,2,784960ea-8969-447d-935d-2a0e711996d6,System Specialist II,scraper,Schneider Electric,51.25,45.25,near_fit,2,job_family_compatibility,moderate_fit,12
e18853b4-0248-4e33-8f16-37f0d16a0b77,GA,2,9089b0d0-9bcc-4423-9a86-9ec534a5f15a,Building Automation Technician II,scraper,Schneider Electric,51.25,45.25,near_fit,2,job_family_compatibility,moderate_fit,13
e18853b4-0248-4e33-8f16-37f0d16a0b77,GA,2,91897402-de57-4dab-9099-843ecbb624b3,System Specialist I,scraper,Schneider Electric,51.25,45.25,near_fit,2,job_family_compatibility,moderate_fit,14
e18853b4-0248-4e33-8f16-37f0d16a0b77,GA,2,aa9c7ad9-821b-405c-8099-64057cbf133a,System Specialist II,scraper,Schneider Electric,51.25,45.25,near_fit,2,job_family_compatibility,moderate_fit,15
e18853b4-0248-4e33-8f16-37f0d16a0b77,GA,2,bd562210-99d4-4bde-8780-2e54953bf3dd,System Specialist II,scraper,Schneider Electric,51.25,45.25,near_fit,2,job_family_compatibility,moderate_fit,16
e18853b4-0248-4e33-8f16-37f0d16a0b77,GA,2,6b516d60-f9b8-449c-a7f4-b4a140372932,Order Filler,scraper,Southwire,52.87,46.87,near_fit,3,job_family_compatibility,moderate_fit,17
e18853b4-0248-4e33-8f16-37f0d16a0b77,GA,2,92590e54-154b-4c57-bb63-9474a07ed6f7,Warehouse Associate Manufacturing II,scraper,Southwire,52.63,46.63,near_fit,3,job_family_compatibility,moderate_fit,18
e18853b4-0248-4e33-8f16-37f0d16a0b77,GA,2,bf6b4bf7-bb1c-4622-ba58-0f138afba361,Warehouse Associate Manufacturing II,scraper,Southwire,52.63,46.63,near_fit,3,job_family_compatibility,moderate_fit,19
e18853b4-0248-4e33-8f16-37f0d16a0b77,GA,2,c5c038f7-28c1-4d3d-8c12-933878644fc1,Warehouse Associate Manufacturing II,scraper,Southwire,52.62,46.62,near_fit,3,job_family_compatibility,moderate_fit,20
e18853b4-0248-4e33-8f16-37f0d16a0b77,GA,2,6e0cf920-9cdc-40a1-a692-9191c7cde9f1,Welder,scraper,GE Vernova,51.92,45.92,near_fit,3,job_family_compatibility,moderate_fit,21
e18853b4-0248-4e33-8f16-37f0d16a0b77,GA,2,1bf0ac7a-e529-4e85-9cdb-5bea8e082fd1,Electronic Technician,scraper,Southwire,49.84,43.84,near_fit,3,job_family_compatibility,moderate_fit,22
e18853b4-0248-4e33-8f16-37f0d16a0b77,GA,2,34db19d2-d22c-420b-9ca4-3a0b96da2fae,"Technician, Electronic",scraper,Southwire,49.78,43.78,near_fit,3,job_family_compatibility,moderate_fit,23
e21b0194-3e4e-442c-a247-46c2ba1e9d86,CA,1,c7f77a75-17ff-4f06-bfe5-ce51bbf2cc1a,CNC Programmer/Operator,scraper,Ford Motor Company,13.86,19.86,ineligible,1,job_family_compatibility,low_fit,1
e21b0194-3e4e-442c-a247-46c2ba1e9d86,CA,1,ee7da4c4-6f75-482f-a406-24c03d68ca9a,Electrical Apprentice,seed,Pacific Grid Services,52.72,41.72,near_fit,2,job_family_compatibility,moderate_fit,2
e21b0194-3e4e-442c-a247-46c2ba1e9d86,CA,1,92c5c760-9d54-4e5c-b978-20ab22e766f2,Line Operator Mechanic,scraper,Ball Corporation,52.22,46.22,near_fit,2,job_family_compatibility,moderate_fit,3
e21b0194-3e4e-442c-a247-46c2ba1e9d86,CA,1,8ec4f85c-539e-445f-947b-1af33a8ef07a,Site Technical Trainer,scraper,Ball Corporation,51.68,45.68,near_fit,2,job_family_compatibility,moderate_fit,4
e21b0194-3e4e-442c-a247-46c2ba1e9d86,CA,1,9ad0d344-059a-4723-88ea-4255400e5a76,Ground Maintenance Mechanic (Motorized),scraper,Delta Air Lines,51.31,45.31,near_fit,2,job_family_compatibility,moderate_fit,5
e21b0194-3e4e-442c-a247-46c2ba1e9d86,CA,1,dfdbfa94-bd0f-4354-8b70-43182e0a7f8d,Aircraft Maintenance Technician,scraper,Delta Air Lines,51.27,45.27,near_fit,2,job_family_compatibility,moderate_fit,6
e21b0194-3e4e-442c-a247-46c2ba1e9d86,CA,1,bbb6c9ea-baef-44ff-b084-085be2c89941,Hourly Warehouse Team Member - Temporary Full-Time - Ontario HVC (PS&L),employer_import,Ford Motor Company,50.67,44.67,near_fit,2,job_family_compatibility,moderate_fit,7
e21b0194-3e4e-442c-a247-46c2ba1e9d86,CA,1,53f24894-9291-47ae-8284-33c3ab646baa,Service Specialist II,scraper,Schneider Electric,50.59,44.59,near_fit,2,job_family_compatibility,moderate_fit,8
e21b0194-3e4e-442c-a247-46c2ba1e9d86,CA,1,2815b44e-d2c8-4e28-8d97-62127318d2bd,Residential Electrician,seed,Bay Area Electrical Contractors,47.81,41.81,near_fit,2,job_family_compatibility,moderate_fit,9
e21b0194-3e4e-442c-a247-46c2ba1e9d86,CA,1,904fbc7d-d495-48f0-a82f-e47f7edb8c44,Electrician — Journey Level,seed,Pacific Grid Services,17.68,18.68,ineligible,2,job_family_compatibility,low_fit,10
e21b0194-3e4e-442c-a247-46c2ba1e9d86,CA,1,ff130393-5827-4156-ba91-3d44cea084bc,Production Technician,scraper,Ball Corporation,52.33,46.33,near_fit,3,job_family_compatibility,moderate_fit,11
e21b0194-3e4e-442c-a247-46c2ba1e9d86,CA,1,28d43ff7-82dd-4d89-9dfa-79b6467b81f8,Building Automation Service Specialist I,scraper,Schneider Electric,52.19,46.19,near_fit,3,job_family_compatibility,moderate_fit,12
e21b0194-3e4e-442c-a247-46c2ba1e9d86,CA,1,fd5e0d1f-84b6-4d22-a957-63fdf5b36602,Industrial Electrician Technician,scraper,Ball Corporation,52.19,46.19,near_fit,3,job_family_compatibility,moderate_fit,13
e21b0194-3e4e-442c-a247-46c2ba1e9d86,CA,1,8289f495-863f-4244-af82-0f40d2122358,Powerline Technician - Lineman - Underground,scraper,Southwire,45.61,39.61,near_fit,3,job_family_compatibility,moderate_fit,14
e21b0194-3e4e-442c-a247-46c2ba1e9d86,CA,1,418555e6-0dd3-45f7-ba3f-2eb6faca3972,Warehouse Associate (Cor),scraper,Schneider Electric,45.48,39.48,near_fit,3,job_family_compatibility,moderate_fit,15
e2d63a99-28b2-4cda-a241-a4ee95104d72,CO,2,bd04aa5e-2928-4847-9744-1547a1ab34f1,Material Handler - Forklift / Warehouse Operator,scraper,Ball Corporation,52.87,46.87,near_fit,2,job_family_compatibility,moderate_fit,1
e2d63a99-28b2-4cda-a241-a4ee95104d72,CO,2,55ca320c-2898-40a9-9512-907c637508ab,Field Service Representative - Power Distribution/Electrical,scraper,Schneider Electric,51.12,45.12,near_fit,2,job_family_compatibility,moderate_fit,2
e2d63a99-28b2-4cda-a241-a4ee95104d72,CO,2,a2db9942-94b5-4f01-a5a2-61dee26618be,Production Technician,scraper,Ball Corporation,53.53,47.53,near_fit,3,job_family_compatibility,moderate_fit,3
e2d63a99-28b2-4cda-a241-a4ee95104d72,CO,2,acc8ba1f-b40a-40d5-bff8-d3513f34e44c,Machinist,scraper,Ball Corporation,52.79,46.79,near_fit,3,job_family_compatibility,moderate_fit,4
e2e3b127-2e86-4963-8fcd-bb9e6d3f4050,AZ,2,abb0d5f2-47b2-4d88-99e3-319caef8a27c,Manufacturing Cell Lead (2nd Shift),scraper,Schneider Electric,15.31,21.31,ineligible,1,job_family_compatibility,low_fit,1
e2e3b127-2e86-4963-8fcd-bb9e6d3f4050,AZ,2,95614908-a096-4942-98c5-186ebfeb031f,HVAC-Electrical Technician,seed,Southwest Electric & HVAC,53.20,47.20,near_fit,2,job_family_compatibility,moderate_fit,2
e2e3b127-2e86-4963-8fcd-bb9e6d3f4050,AZ,2,392f14b7-7f5d-4e24-a95c-91318ad5e80b,Field Service Representative - HVAC/Cooling,scraper,Schneider Electric,51.87,45.87,near_fit,2,job_family_compatibility,moderate_fit,3
e2e3b127-2e86-4963-8fcd-bb9e6d3f4050,AZ,2,5b7de9fd-608f-4751-bf57-ea7f12da966f,Continuous Improvement Leader,scraper,Schneider Electric,49.55,43.55,near_fit,2,job_family_compatibility,moderate_fit,4
e31bfc6f-61f8-4d97-a6f8-d3bf72068d02,HI,2,e59950c8-3322-4281-a0b4-a3cdcef0c8af,Material Handler,scraper,Ball Corporation,52.87,46.87,near_fit,2,job_family_compatibility,moderate_fit,1
e43fe7af-5822-4540-bb0e-b3464696df52,CA,1,c7f77a75-17ff-4f06-bfe5-ce51bbf2cc1a,CNC Programmer/Operator,scraper,Ford Motor Company,13.86,19.86,ineligible,1,job_family_compatibility,low_fit,1
e43fe7af-5822-4540-bb0e-b3464696df52,CA,1,ee7da4c4-6f75-482f-a406-24c03d68ca9a,Electrical Apprentice,seed,Pacific Grid Services,52.72,41.72,near_fit,2,job_family_compatibility,moderate_fit,2
e43fe7af-5822-4540-bb0e-b3464696df52,CA,1,bbb6c9ea-baef-44ff-b084-085be2c89941,Hourly Warehouse Team Member - Temporary Full-Time - Ontario HVC (PS&L),employer_import,Ford Motor Company,50.67,44.67,near_fit,2,job_family_compatibility,moderate_fit,3
e43fe7af-5822-4540-bb0e-b3464696df52,CA,1,53f24894-9291-47ae-8284-33c3ab646baa,Service Specialist II,scraper,Schneider Electric,50.59,44.59,near_fit,2,job_family_compatibility,moderate_fit,4
e43fe7af-5822-4540-bb0e-b3464696df52,CA,1,2815b44e-d2c8-4e28-8d97-62127318d2bd,Residential Electrician,seed,Bay Area Electrical Contractors,47.81,41.81,near_fit,2,job_family_compatibility,moderate_fit,5
e43fe7af-5822-4540-bb0e-b3464696df52,CA,1,92c5c760-9d54-4e5c-b978-20ab22e766f2,Line Operator Mechanic,scraper,Ball Corporation,47.23,41.23,near_fit,2,job_family_compatibility,moderate_fit,6
e43fe7af-5822-4540-bb0e-b3464696df52,CA,1,904fbc7d-d495-48f0-a82f-e47f7edb8c44,Electrician — Journey Level,seed,Pacific Grid Services,17.68,18.68,ineligible,2,job_family_compatibility,low_fit,7
e43fe7af-5822-4540-bb0e-b3464696df52,CA,1,ff130393-5827-4156-ba91-3d44cea084bc,Production Technician,scraper,Ball Corporation,47.33,41.33,near_fit,3,job_family_compatibility,moderate_fit,8
e43fe7af-5822-4540-bb0e-b3464696df52,CA,1,28d43ff7-82dd-4d89-9dfa-79b6467b81f8,Building Automation Service Specialist I,scraper,Schneider Electric,47.19,41.19,near_fit,3,job_family_compatibility,moderate_fit,9
e43fe7af-5822-4540-bb0e-b3464696df52,CA,1,fd5e0d1f-84b6-4d22-a957-63fdf5b36602,Industrial Electrician Technician,scraper,Ball Corporation,47.19,41.19,near_fit,3,job_family_compatibility,moderate_fit,10
e43fe7af-5822-4540-bb0e-b3464696df52,CA,1,8ec4f85c-539e-445f-947b-1af33a8ef07a,Site Technical Trainer,scraper,Ball Corporation,46.41,40.41,near_fit,3,job_family_compatibility,moderate_fit,11
e43fe7af-5822-4540-bb0e-b3464696df52,CA,1,9ad0d344-059a-4723-88ea-4255400e5a76,Ground Maintenance Mechanic (Motorized),scraper,Delta Air Lines,46.39,40.39,near_fit,3,job_family_compatibility,moderate_fit,12
e43fe7af-5822-4540-bb0e-b3464696df52,CA,1,dfdbfa94-bd0f-4354-8b70-43182e0a7f8d,Aircraft Maintenance Technician,scraper,Delta Air Lines,46.35,40.35,near_fit,3,job_family_compatibility,moderate_fit,13
e43fe7af-5822-4540-bb0e-b3464696df52,CA,1,8289f495-863f-4244-af82-0f40d2122358,Powerline Technician - Lineman - Underground,scraper,Southwire,45.61,39.61,near_fit,3,job_family_compatibility,moderate_fit,14
e43fe7af-5822-4540-bb0e-b3464696df52,CA,1,418555e6-0dd3-45f7-ba3f-2eb6faca3972,Warehouse Associate (Cor),scraper,Schneider Electric,45.48,39.48,near_fit,3,job_family_compatibility,moderate_fit,15
e4b95c33-64e6-4915-8810-cdd240461470,IA,1,ee77e28f-dc40-4a0f-92eb-f49562febe70,Manufacturing Production Worker,scraper,Schneider Electric,50.67,44.67,near_fit,2,job_family_compatibility,moderate_fit,1
e4b95c33-64e6-4915-8810-cdd240461470,IA,1,ad9ace0a-35e9-4b3a-945f-ea189fa9909a,High Voltage Technician III,scraper,GE Vernova,13.33,19.33,ineligible,2,job_family_compatibility,low_fit,2
e4b95c33-64e6-4915-8810-cdd240461470,IA,1,8e06db2f-46d1-4c95-9260-54d0d5bf7939,Production Operator,scraper,Schneider Electric,47.38,41.38,near_fit,3,job_family_compatibility,moderate_fit,3
e4b95c33-64e6-4915-8810-cdd240461470,IA,1,df73ef56-a006-40de-ba19-b61ebe2c0704,Manufacturing Production Worker,scraper,Schneider Electric,47.23,41.23,near_fit,3,job_family_compatibility,moderate_fit,4
e4b95c33-64e6-4915-8810-cdd240461470,IA,1,31d4ed44-8500-44fe-8e98-8926fa2dc95a,Quality Technician - 2nd Shift,scraper,Schneider Electric,47.10,41.10,near_fit,3,job_family_compatibility,moderate_fit,5
e4b95c33-64e6-4915-8810-cdd240461470,IA,1,a739d570-4a41-4688-a355-cfa5fc8a8192,Quality Technician - 3rd Shift,scraper,Schneider Electric,47.10,41.10,near_fit,3,job_family_compatibility,moderate_fit,6
e4ca060f-f7bd-42f8-a886-564baa9ab4c6,CO,2,bd04aa5e-2928-4847-9744-1547a1ab34f1,Material Handler - Forklift / Warehouse Operator,scraper,Ball Corporation,52.87,46.87,near_fit,2,job_family_compatibility,moderate_fit,1
e5d39a6b-28cd-4014-871f-13e685ee1449,ID,1,b02f1e6a-a061-457e-bc5d-4660236b7507,"Wind Hub Technician - Idaho 1 (Idaho Falls, ID)",scraper,GE Vernova,50.69,44.69,near_fit,3,job_family_compatibility,moderate_fit,1
e65c6fdb-2ef4-4da2-8c5f-e8bf93d2aa03,IL,2,261a3edb-0c61-4e40-9158-f20534009c48,"Hourly Production Team Member - Temporary Full Time - Chicago, IL",scraper,Ford Motor Company,51.80,45.80,near_fit,2,job_family_compatibility,moderate_fit,1
e65c6fdb-2ef4-4da2-8c5f-e8bf93d2aa03,IL,2,73c15577-8c61-4e8c-9320-8d11d8918722,Systems Field Service Representative - Chicago,scraper,Schneider Electric,51.28,45.28,near_fit,2,job_family_compatibility,moderate_fit,2
e65c6fdb-2ef4-4da2-8c5f-e8bf93d2aa03,IL,2,49901a3c-4bf5-43a9-95ff-55190786efcd,Field Service Representative,scraper,Schneider Electric,51.24,45.24,near_fit,2,job_family_compatibility,moderate_fit,3
e65c6fdb-2ef4-4da2-8c5f-e8bf93d2aa03,IL,2,268dd605-3bff-4563-ab00-de5ff47358a1,Field Service Representative,scraper,Schneider Electric,51.23,45.23,near_fit,2,job_family_compatibility,moderate_fit,4
e65c6fdb-2ef4-4da2-8c5f-e8bf93d2aa03,IL,2,738888d5-42a6-46d6-a8f2-415f663dda9f,Field Service Representative - Secure Power/Electronic,scraper,Schneider Electric,51.23,45.23,near_fit,2,job_family_compatibility,moderate_fit,5
e693fb0f-587f-4620-8ddd-2b3077d3039c,CA,2,ee7da4c4-6f75-482f-a406-24c03d68ca9a,Electrical Apprentice,seed,Pacific Grid Services,53.84,42.84,near_fit,2,job_family_compatibility,moderate_fit,1
e693fb0f-587f-4620-8ddd-2b3077d3039c,CA,2,53f24894-9291-47ae-8284-33c3ab646baa,Service Specialist II,scraper,Schneider Electric,51.71,45.71,near_fit,2,job_family_compatibility,moderate_fit,2
e693fb0f-587f-4620-8ddd-2b3077d3039c,CA,2,2815b44e-d2c8-4e28-8d97-62127318d2bd,Residential Electrician,seed,Bay Area Electrical Contractors,48.94,42.94,near_fit,2,job_family_compatibility,moderate_fit,3
e693fb0f-587f-4620-8ddd-2b3077d3039c,CA,2,904fbc7d-d495-48f0-a82f-e47f7edb8c44,Electrician — Journey Level,seed,Pacific Grid Services,18.21,19.21,ineligible,2,job_family_compatibility,low_fit,4
e693fb0f-587f-4620-8ddd-2b3077d3039c,CA,2,fd5e0d1f-84b6-4d22-a957-63fdf5b36602,Industrial Electrician Technician,scraper,Ball Corporation,53.31,47.31,near_fit,3,job_family_compatibility,moderate_fit,5
e693fb0f-587f-4620-8ddd-2b3077d3039c,CA,2,8289f495-863f-4244-af82-0f40d2122358,Powerline Technician - Lineman - Underground,scraper,Southwire,46.74,40.74,near_fit,3,job_family_compatibility,moderate_fit,6
e76b8fb3-b195-4fa8-83dd-8ba33de5557d,CO,2,bd04aa5e-2928-4847-9744-1547a1ab34f1,Material Handler - Forklift / Warehouse Operator,scraper,Ball Corporation,52.37,46.37,near_fit,2,job_family_compatibility,moderate_fit,1
e862eb42-4892-4fdc-8b35-fd24933b490c,IA,2,ad9ace0a-35e9-4b3a-945f-ea189fa9909a,High Voltage Technician III,scraper,GE Vernova,16.65,22.65,ineligible,2,job_family_compatibility,low_fit,1
e863d8fd-76e4-4e39-bcfb-8dfbecb648f7,FL,2,0cf3e86d-7b7b-49b5-b0e7-95f732a9356b,Service Representative - ASCO - Miami,scraper,Schneider Electric,60.28,54.28,near_fit,1,required_credential_compatibility,good_fit,1
e863d8fd-76e4-4e39-bcfb-8dfbecb648f7,FL,2,d6ce56c8-37c1-4825-9f1c-6a380cc955c6,Service Representative - ASCO - Tallahassee,scraper,Schneider Electric,60.28,54.28,near_fit,1,required_credential_compatibility,good_fit,2
e9ec16aa-2ab6-4f2c-aae6-919a20de606c,HI,1,e59950c8-3322-4281-a0b4-a3cdcef0c8af,Material Handler,scraper,Ball Corporation,51.74,45.74,near_fit,2,job_family_compatibility,moderate_fit,1
ea281f4d-b749-4b83-a226-3c44248dc968,CO,1,bd04aa5e-2928-4847-9744-1547a1ab34f1,Material Handler - Forklift / Warehouse Operator,scraper,Ball Corporation,51.74,45.74,near_fit,2,job_family_compatibility,moderate_fit,1
ea281f4d-b749-4b83-a226-3c44248dc968,CO,1,55ca320c-2898-40a9-9512-907c637508ab,Field Service Representative - Power Distribution/Electrical,scraper,Schneider Electric,50.00,44.00,near_fit,2,job_family_compatibility,moderate_fit,2
ea281f4d-b749-4b83-a226-3c44248dc968,CO,1,a2db9942-94b5-4f01-a5a2-61dee26618be,Production Technician,scraper,Ball Corporation,52.41,46.41,near_fit,3,job_family_compatibility,moderate_fit,3
ea281f4d-b749-4b83-a226-3c44248dc968,CO,1,acc8ba1f-b40a-40d5-bff8-d3513f34e44c,Machinist,scraper,Ball Corporation,52.19,46.19,near_fit,3,job_family_compatibility,moderate_fit,4
ea281f4d-b749-4b83-a226-3c44248dc968,CO,1,b5a26d13-3f56-4004-8591-56c1e66fae5b,"Wind Hub Technician - CO LW (Grover, CO Area)",scraper,GE Vernova,48.87,42.87,near_fit,3,job_family_compatibility,moderate_fit,5
ec946401-d14b-4480-9832-4bce8ddd5116,AZ,2,abb0d5f2-47b2-4d88-99e3-319caef8a27c,Manufacturing Cell Lead (2nd Shift),scraper,Schneider Electric,15.31,21.31,ineligible,1,job_family_compatibility,low_fit,1
ec946401-d14b-4480-9832-4bce8ddd5116,AZ,2,95614908-a096-4942-98c5-186ebfeb031f,HVAC-Electrical Technician,seed,Southwest Electric & HVAC,53.20,47.20,near_fit,2,job_family_compatibility,moderate_fit,2
ec946401-d14b-4480-9832-4bce8ddd5116,AZ,2,392f14b7-7f5d-4e24-a95c-91318ad5e80b,Field Service Representative - HVAC/Cooling,scraper,Schneider Electric,51.87,45.87,near_fit,2,job_family_compatibility,moderate_fit,3
ec946401-d14b-4480-9832-4bce8ddd5116,AZ,2,5b7de9fd-608f-4751-bf57-ea7f12da966f,Continuous Improvement Leader,scraper,Schneider Electric,49.55,43.55,near_fit,2,job_family_compatibility,moderate_fit,4
ecff6524-7c66-435f-a1cb-70052c656a95,AK,1,c94f3763-7c07-414c-9f9c-c1b8f9280c7a,"Lead Senior Wind Hub Technician - Fire Island (Anchorage, AK)",scraper,GE Vernova,15.17,21.17,ineligible,2,job_family_compatibility,low_fit,1
ed18f488-8e94-4155-8cb3-cfe7bc86e4e8,AL,1,946b1c6d-9602-49c2-9e41-76a8da8db0fa,Machine Operator EG,scraper,Southwire,52.07,46.07,near_fit,2,job_family_compatibility,moderate_fit,1
ed18f488-8e94-4155-8cb3-cfe7bc86e4e8,AL,1,334c520d-9f9d-4ba6-b719-3ba479d79642,Warehouse Associate Manufacturing II,scraper,Southwire,52.04,46.04,near_fit,3,job_family_compatibility,moderate_fit,2
ed77ad50-53bf-4ac4-be65-5b1aba603f26,AR,2,c1557174-f263-4b94-acae-541575223397,Field Service Technician - HVAC/Cooling,scraper,Schneider Electric,51.71,45.71,near_fit,2,job_family_compatibility,moderate_fit,1
ed77ad50-53bf-4ac4-be65-5b1aba603f26,AR,2,b5eb6630-f8fa-4f4b-8b46-df30db6d53b0,Field Service Representative,scraper,Schneider Electric,51.12,45.12,near_fit,2,job_family_compatibility,moderate_fit,2
ee6515f4-114c-4318-b406-9883df5d5234,HI,1,e59950c8-3322-4281-a0b4-a3cdcef0c8af,Material Handler,scraper,Ball Corporation,51.74,45.74,near_fit,2,job_family_compatibility,moderate_fit,1
eec6d2fc-8547-4781-b74d-bb68bab4d2fc,GA,2,f598393a-49cf-4330-97e9-3febf3c6614a,HVAC Installer - 2nd Shift (Apprenticeship Program),employer_created,Acme Industrial,66.64,55.64,near_fit,1,required_credential_compatibility,good_fit,1
eec6d2fc-8547-4781-b74d-bb68bab4d2fc,GA,2,aa9c7ad9-821b-405c-8099-64057cbf133a,System Specialist II,scraper,Schneider Electric,60.25,54.25,near_fit,1,seniority_compatibility,good_fit,2
eec6d2fc-8547-4781-b74d-bb68bab4d2fc,GA,2,619f163a-21a4-402f-ab9c-510eb8b05894,Field Service Technician - HVAC/Cooling,scraper,Schneider Electric,57.70,51.70,near_fit,1,required_credential_compatibility,moderate_fit,3
eec6d2fc-8547-4781-b74d-bb68bab4d2fc,GA,2,84ee4830-5a83-48d2-8872-a5a40e7f329b,Field Service Technician - HVAC/Cooling,scraper,Schneider Electric,57.70,51.70,near_fit,1,required_credential_compatibility,moderate_fit,4
eec6d2fc-8547-4781-b74d-bb68bab4d2fc,GA,2,d2b5bb83-b02b-43d9-9075-87bcffd426ba,System Specialist III,scraper,Schneider Electric,15.12,21.12,ineligible,1,job_family_compatibility,low_fit,5
eec6d2fc-8547-4781-b74d-bb68bab4d2fc,GA,2,6c0c32de-720f-468e-9db4-98fcf35d3476,System Specialist II,scraper,Schneider Electric,51.75,45.75,near_fit,2,job_family_compatibility,moderate_fit,6
eec6d2fc-8547-4781-b74d-bb68bab4d2fc,GA,2,7be0d8c5-61fb-42e0-85e2-e57eaa3c8c92,Building Automation Technician II,scraper,Schneider Electric,51.36,45.36,near_fit,2,job_family_compatibility,moderate_fit,7
eec6d2fc-8547-4781-b74d-bb68bab4d2fc,GA,2,092dfb2b-ff27-4d1b-aa53-8719e5b2f01e,System Specialist I,scraper,Schneider Electric,51.25,45.25,near_fit,2,job_family_compatibility,moderate_fit,8
eec6d2fc-8547-4781-b74d-bb68bab4d2fc,GA,2,784960ea-8969-447d-935d-2a0e711996d6,System Specialist II,scraper,Schneider Electric,51.25,45.25,near_fit,2,job_family_compatibility,moderate_fit,9
eec6d2fc-8547-4781-b74d-bb68bab4d2fc,GA,2,9089b0d0-9bcc-4423-9a86-9ec534a5f15a,Building Automation Technician II,scraper,Schneider Electric,51.25,45.25,near_fit,2,job_family_compatibility,moderate_fit,10
eec6d2fc-8547-4781-b74d-bb68bab4d2fc,GA,2,91897402-de57-4dab-9099-843ecbb624b3,System Specialist I,scraper,Schneider Electric,51.25,45.25,near_fit,2,job_family_compatibility,moderate_fit,11
eec6d2fc-8547-4781-b74d-bb68bab4d2fc,GA,2,bd562210-99d4-4bde-8780-2e54953bf3dd,System Specialist II,scraper,Schneider Electric,51.25,45.25,near_fit,2,job_family_compatibility,moderate_fit,12
eec6d2fc-8547-4781-b74d-bb68bab4d2fc,GA,2,6e0cf920-9cdc-40a1-a692-9191c7cde9f1,Welder,scraper,GE Vernova,52.38,46.38,near_fit,3,job_family_compatibility,moderate_fit,13
eec6d2fc-8547-4781-b74d-bb68bab4d2fc,GA,2,1bf0ac7a-e529-4e85-9cdb-5bea8e082fd1,Electronic Technician,scraper,Southwire,50.36,44.36,near_fit,3,job_family_compatibility,moderate_fit,14
eec6d2fc-8547-4781-b74d-bb68bab4d2fc,GA,2,34db19d2-d22c-420b-9ca4-3a0b96da2fae,"Technician, Electronic",scraper,Southwire,50.30,44.30,near_fit,3,job_family_compatibility,moderate_fit,15
f04a3aea-96c2-4520-a363-dee77d6db745,ID,1,b02f1e6a-a061-457e-bc5d-4660236b7507,"Wind Hub Technician - Idaho 1 (Idaho Falls, ID)",scraper,GE Vernova,50.69,44.69,near_fit,3,job_family_compatibility,moderate_fit,1
f0942c90-2410-4514-8176-a664623023d5,AL,2,946b1c6d-9602-49c2-9e41-76a8da8db0fa,Machine Operator EG,scraper,Southwire,53.20,47.20,near_fit,2,job_family_compatibility,moderate_fit,1
f0f8ec24-208d-4e1e-9a67-0e798e5a004c,IA,2,ad9ace0a-35e9-4b3a-945f-ea189fa9909a,High Voltage Technician III,scraper,GE Vernova,15.69,21.69,ineligible,2,job_family_compatibility,low_fit,1
f30da371-ae2e-493e-955d-bcec52b83ae7,IA,2,8e06db2f-46d1-4c95-9260-54d0d5bf7939,Production Operator,scraper,Schneider Electric,54.84,48.84,near_fit,2,job_family_compatibility,moderate_fit,1
f30da371-ae2e-493e-955d-bcec52b83ae7,IA,2,ee77e28f-dc40-4a0f-92eb-f49562febe70,Manufacturing Production Worker,scraper,Schneider Electric,51.80,45.80,near_fit,2,job_family_compatibility,moderate_fit,2
f30da371-ae2e-493e-955d-bcec52b83ae7,IA,2,ad9ace0a-35e9-4b3a-945f-ea189fa9909a,High Voltage Technician III,scraper,GE Vernova,15.69,21.69,ineligible,2,job_family_compatibility,low_fit,3
f30da371-ae2e-493e-955d-bcec52b83ae7,IA,2,df73ef56-a006-40de-ba19-b61ebe2c0704,Manufacturing Production Worker,scraper,Schneider Electric,53.35,47.35,near_fit,3,job_family_compatibility,moderate_fit,4
f30da371-ae2e-493e-955d-bcec52b83ae7,IA,2,31d4ed44-8500-44fe-8e98-8926fa2dc95a,Quality Technician - 2nd Shift,scraper,Schneider Electric,49.84,43.84,near_fit,3,job_family_compatibility,moderate_fit,5
f30da371-ae2e-493e-955d-bcec52b83ae7,IA,2,a739d570-4a41-4688-a355-cfa5fc8a8192,Quality Technician - 3rd Shift,scraper,Schneider Electric,49.84,43.84,near_fit,3,job_family_compatibility,moderate_fit,6
f400c70a-a414-4915-b3ec-991ec78d9594,AR,2,c1557174-f263-4b94-acae-541575223397,Field Service Technician - HVAC/Cooling,scraper,Schneider Electric,51.71,45.71,near_fit,2,job_family_compatibility,moderate_fit,1
f400c70a-a414-4915-b3ec-991ec78d9594,AR,2,b5eb6630-f8fa-4f4b-8b46-df30db6d53b0,Field Service Representative,scraper,Schneider Electric,51.12,45.12,near_fit,2,job_family_compatibility,moderate_fit,2
f4e39dbf-79d3-419a-9339-5a416f403ffc,GA,2,d2b5bb83-b02b-43d9-9075-87bcffd426ba,System Specialist III,scraper,Schneider Electric,15.35,21.35,ineligible,1,job_family_compatibility,low_fit,1
f4e39dbf-79d3-419a-9339-5a416f403ffc,GA,2,f598393a-49cf-4330-97e9-3febf3c6614a,HVAC Installer - 2nd Shift (Apprenticeship Program),employer_created,Acme Industrial,57.06,46.06,near_fit,2,job_family_compatibility,moderate_fit,2
f4e39dbf-79d3-419a-9339-5a416f403ffc,GA,2,7be0d8c5-61fb-42e0-85e2-e57eaa3c8c92,Building Automation Technician II,scraper,Schneider Electric,51.86,45.86,near_fit,2,job_family_compatibility,moderate_fit,3
f4e39dbf-79d3-419a-9339-5a416f403ffc,GA,2,092dfb2b-ff27-4d1b-aa53-8719e5b2f01e,System Specialist I,scraper,Schneider Electric,51.75,45.75,near_fit,2,job_family_compatibility,moderate_fit,4
f4e39dbf-79d3-419a-9339-5a416f403ffc,GA,2,6c0c32de-720f-468e-9db4-98fcf35d3476,System Specialist II,scraper,Schneider Electric,51.75,45.75,near_fit,2,job_family_compatibility,moderate_fit,5
f4e39dbf-79d3-419a-9339-5a416f403ffc,GA,2,784960ea-8969-447d-935d-2a0e711996d6,System Specialist II,scraper,Schneider Electric,51.75,45.75,near_fit,2,job_family_compatibility,moderate_fit,6
f4e39dbf-79d3-419a-9339-5a416f403ffc,GA,2,9089b0d0-9bcc-4423-9a86-9ec534a5f15a,Building Automation Technician II,scraper,Schneider Electric,51.75,45.75,near_fit,2,job_family_compatibility,moderate_fit,7
f4e39dbf-79d3-419a-9339-5a416f403ffc,GA,2,91897402-de57-4dab-9099-843ecbb624b3,System Specialist I,scraper,Schneider Electric,51.75,45.75,near_fit,2,job_family_compatibility,moderate_fit,8
f4e39dbf-79d3-419a-9339-5a416f403ffc,GA,2,aa9c7ad9-821b-405c-8099-64057cbf133a,System Specialist II,scraper,Schneider Electric,51.75,45.75,near_fit,2,job_family_compatibility,moderate_fit,9
f4e39dbf-79d3-419a-9339-5a416f403ffc,GA,2,bd562210-99d4-4bde-8780-2e54953bf3dd,System Specialist II,scraper,Schneider Electric,51.75,45.75,near_fit,2,job_family_compatibility,moderate_fit,10
f4e39dbf-79d3-419a-9339-5a416f403ffc,GA,2,619f163a-21a4-402f-ab9c-510eb8b05894,Field Service Technician - HVAC/Cooling,scraper,Schneider Electric,49.20,43.20,near_fit,2,job_family_compatibility,moderate_fit,11
f4e39dbf-79d3-419a-9339-5a416f403ffc,GA,2,84ee4830-5a83-48d2-8872-a5a40e7f329b,Field Service Technician - HVAC/Cooling,scraper,Schneider Electric,49.20,43.20,near_fit,2,job_family_compatibility,moderate_fit,12
f4e39dbf-79d3-419a-9339-5a416f403ffc,GA,2,6e0cf920-9cdc-40a1-a692-9191c7cde9f1,Welder,scraper,GE Vernova,52.38,46.38,near_fit,3,job_family_compatibility,moderate_fit,13
f4e39dbf-79d3-419a-9339-5a416f403ffc,GA,2,1bf0ac7a-e529-4e85-9cdb-5bea8e082fd1,Electronic Technician,scraper,Southwire,50.36,44.36,near_fit,3,job_family_compatibility,moderate_fit,14
f4e39dbf-79d3-419a-9339-5a416f403ffc,GA,2,34db19d2-d22c-420b-9ca4-3a0b96da2fae,"Technician, Electronic",scraper,Southwire,50.30,44.30,near_fit,3,job_family_compatibility,moderate_fit,15
f52f8757-cf39-4239-b30f-017b17da8a1b,CO,1,bd04aa5e-2928-4847-9744-1547a1ab34f1,Material Handler - Forklift / Warehouse Operator,scraper,Ball Corporation,47.80,41.80,near_fit,2,job_family_compatibility,moderate_fit,1
f52f8757-cf39-4239-b30f-017b17da8a1b,CO,1,55ca320c-2898-40a9-9512-907c637508ab,Field Service Representative - Power Distribution/Electrical,scraper,Schneider Electric,46.41,40.41,near_fit,2,job_family_compatibility,moderate_fit,2
f52f8757-cf39-4239-b30f-017b17da8a1b,CO,1,b5a26d13-3f56-4004-8591-56c1e66fae5b,"Wind Hub Technician - CO LW (Grover, CO Area)",scraper,GE Vernova,47.72,41.72,near_fit,3,job_family_compatibility,moderate_fit,3
f52f8757-cf39-4239-b30f-017b17da8a1b,CO,1,a2db9942-94b5-4f01-a5a2-61dee26618be,Production Technician,scraper,Ball Corporation,47.41,41.41,near_fit,3,job_family_compatibility,moderate_fit,4
f52f8757-cf39-4239-b30f-017b17da8a1b,CO,1,acc8ba1f-b40a-40d5-bff8-d3513f34e44c,Machinist,scraper,Ball Corporation,47.19,41.19,near_fit,3,job_family_compatibility,moderate_fit,5
f591a83e-16da-468f-9214-1c4b6b780827,IA,2,ad9ace0a-35e9-4b3a-945f-ea189fa9909a,High Voltage Technician III,scraper,GE Vernova,15.69,21.69,ineligible,2,job_family_compatibility,low_fit,1
f7244f1f-23ab-4b31-8a9d-6032932506b2,AZ,1,398da005-863a-485c-a972-f555fcc71f5e,Field Service Representative - Drives/Industry,scraper,Schneider Electric,52.35,46.35,near_fit,1,job_family_compatibility,moderate_fit,1
f7244f1f-23ab-4b31-8a9d-6032932506b2,AZ,1,cc8866c0-fd8c-4ec4-8c76-6d222ef7b305,Quality Inspector,scraper,Schneider Electric,50.48,44.48,near_fit,1,job_family_compatibility,moderate_fit,2
f7244f1f-23ab-4b31-8a9d-6032932506b2,AZ,1,f11111cd-0177-4bbc-a032-82cde1e21e4c,Quality Inspector,scraper,Schneider Electric,50.48,44.48,near_fit,1,job_family_compatibility,moderate_fit,3
f7244f1f-23ab-4b31-8a9d-6032932506b2,AZ,1,ced66e0d-fea0-4c45-a6b0-03b0c7d3993c,Production Supervisor,scraper,Schneider Electric,14.85,20.85,ineligible,1,job_family_compatibility,low_fit,4
f7244f1f-23ab-4b31-8a9d-6032932506b2,AZ,1,abb0d5f2-47b2-4d88-99e3-319caef8a27c,Manufacturing Cell Lead (2nd Shift),scraper,Schneider Electric,14.78,20.78,ineligible,1,job_family_compatibility,low_fit,5
f7244f1f-23ab-4b31-8a9d-6032932506b2,AZ,1,95614908-a096-4942-98c5-186ebfeb031f,HVAC-Electrical Technician,seed,Southwest Electric & HVAC,52.08,46.08,near_fit,2,job_family_compatibility,moderate_fit,6
f7244f1f-23ab-4b31-8a9d-6032932506b2,AZ,1,f39b2b0c-778f-47c5-8f6d-4b9353db57a6,Field Service Representative,scraper,Schneider Electric,50.03,44.03,near_fit,2,job_family_compatibility,moderate_fit,7
f7244f1f-23ab-4b31-8a9d-6032932506b2,AZ,1,5b7de9fd-608f-4751-bf57-ea7f12da966f,Continuous Improvement Leader,scraper,Schneider Electric,48.42,42.42,near_fit,2,job_family_compatibility,moderate_fit,8
f7244f1f-23ab-4b31-8a9d-6032932506b2,AZ,1,392f14b7-7f5d-4e24-a95c-91318ad5e80b,Field Service Representative - HVAC/Cooling,scraper,Schneider Electric,48.07,42.07,near_fit,2,job_family_compatibility,moderate_fit,9
f7244f1f-23ab-4b31-8a9d-6032932506b2,AZ,1,707c18e2-5cba-4985-8dd6-26b3a8a60a95,Maintenance Mechanic,scraper,Ball Corporation,50.23,44.23,near_fit,3,job_family_compatibility,moderate_fit,10
f8123fa6-4780-4059-a908-7f2d79204ac3,ID,1,b02f1e6a-a061-457e-bc5d-4660236b7507,"Wind Hub Technician - Idaho 1 (Idaho Falls, ID)",scraper,GE Vernova,47.10,41.10,near_fit,3,job_family_compatibility,moderate_fit,1
f84a8aff-cbb5-4e8f-b14e-b95cbdc03675,CA,2,ee7da4c4-6f75-482f-a406-24c03d68ca9a,Electrical Apprentice,seed,Pacific Grid Services,53.84,42.84,near_fit,2,job_family_compatibility,moderate_fit,1
f84a8aff-cbb5-4e8f-b14e-b95cbdc03675,CA,2,53f24894-9291-47ae-8284-33c3ab646baa,Service Specialist II,scraper,Schneider Electric,51.71,45.71,near_fit,2,job_family_compatibility,moderate_fit,2
f84a8aff-cbb5-4e8f-b14e-b95cbdc03675,CA,2,2815b44e-d2c8-4e28-8d97-62127318d2bd,Residential Electrician,seed,Bay Area Electrical Contractors,48.94,42.94,near_fit,2,job_family_compatibility,moderate_fit,3
f84a8aff-cbb5-4e8f-b14e-b95cbdc03675,CA,2,904fbc7d-d495-48f0-a82f-e47f7edb8c44,Electrician — Journey Level,seed,Pacific Grid Services,18.21,19.21,ineligible,2,job_family_compatibility,low_fit,4
f84a8aff-cbb5-4e8f-b14e-b95cbdc03675,CA,2,fd5e0d1f-84b6-4d22-a957-63fdf5b36602,Industrial Electrician Technician,scraper,Ball Corporation,53.31,47.31,near_fit,3,job_family_compatibility,moderate_fit,5
f84a8aff-cbb5-4e8f-b14e-b95cbdc03675,CA,2,8289f495-863f-4244-af82-0f40d2122358,Powerline Technician - Lineman - Underground,scraper,Southwire,46.74,40.74,near_fit,3,job_family_compatibility,moderate_fit,6
f89323d5-6059-4c7b-bd20-29087ca630af,CA,2,ee7da4c4-6f75-482f-a406-24c03d68ca9a,Electrical Apprentice,seed,Pacific Grid Services,57.30,46.30,near_fit,2,job_family_compatibility,moderate_fit,1
f89323d5-6059-4c7b-bd20-29087ca630af,CA,2,2815b44e-d2c8-4e28-8d97-62127318d2bd,Residential Electrician,seed,Bay Area Electrical Contractors,50.96,44.96,near_fit,2,job_family_compatibility,moderate_fit,2
f89323d5-6059-4c7b-bd20-29087ca630af,CA,2,904fbc7d-d495-48f0-a82f-e47f7edb8c44,Electrician — Journey Level,seed,Pacific Grid Services,18.21,19.21,ineligible,2,job_family_compatibility,low_fit,3
f89323d5-6059-4c7b-bd20-29087ca630af,CA,2,fd5e0d1f-84b6-4d22-a957-63fdf5b36602,Industrial Electrician Technician,scraper,Ball Corporation,53.55,47.55,near_fit,3,job_family_compatibility,moderate_fit,4
f89323d5-6059-4c7b-bd20-29087ca630af,CA,2,8289f495-863f-4244-af82-0f40d2122358,Powerline Technician - Lineman - Underground,scraper,Southwire,47.11,41.11,near_fit,3,job_family_compatibility,moderate_fit,5
f92db386-4184-4464-86fb-65acb89630b1,FL,1,f49de743-0a5c-466f-aa6e-85a5e1abb8bf,Field Service Technician,scraper,GE Vernova,54.23,48.23,near_fit,2,job_family_compatibility,moderate_fit,1
f92db386-4184-4464-86fb-65acb89630b1,FL,1,aa811a27-0a08-4d88-a8ac-5eb9574db89b,GE Vernova Project Management Specialist,scraper,GE Vernova,53.81,47.81,near_fit,2,job_family_compatibility,moderate_fit,2
f92db386-4184-4464-86fb-65acb89630b1,FL,1,30461847-21a9-44c4-a4e8-e702395d0552,Field Service Technician-2,scraper,GE Vernova,53.13,47.13,near_fit,2,job_family_compatibility,moderate_fit,3
f92db386-4184-4464-86fb-65acb89630b1,FL,1,4f09ba62-f310-4d0e-820d-c4046877a994,Field Service Technician-1,scraper,GE Vernova,53.13,47.13,near_fit,2,job_family_compatibility,moderate_fit,4
f92db386-4184-4464-86fb-65acb89630b1,FL,1,bc17abfe-738c-446e-b265-c2ab66dc5db5,Material Handler,scraper,Ball Corporation,50.46,44.46,near_fit,2,job_family_compatibility,moderate_fit,5
f92db386-4184-4464-86fb-65acb89630b1,FL,1,0cf3e86d-7b7b-49b5-b0e7-95f732a9356b,Service Representative - ASCO - Miami,scraper,Schneider Electric,50.03,44.03,near_fit,2,job_family_compatibility,moderate_fit,6
f92db386-4184-4464-86fb-65acb89630b1,FL,1,b9112c8c-6881-4ed1-8e11-5631d7599fd3,Senior Field Service Representative,scraper,Schneider Electric,50.03,44.03,near_fit,2,job_family_compatibility,moderate_fit,7
f92db386-4184-4464-86fb-65acb89630b1,FL,1,d6ce56c8-37c1-4825-9f1c-6a380cc955c6,Service Representative - ASCO - Tallahassee,scraper,Schneider Electric,50.03,44.03,near_fit,2,job_family_compatibility,moderate_fit,8
f92db386-4184-4464-86fb-65acb89630b1,FL,1,b0677759-9c1d-478f-8e04-71c859b8420f,Field Service Representative,scraper,Schneider Electric,50.00,44.00,near_fit,2,job_family_compatibility,moderate_fit,9
f92db386-4184-4464-86fb-65acb89630b1,FL,1,20c6eb5b-170a-4a62-9a6d-914ebb2d054c,Tooling & Maintenance Specialist - Night Shift,scraper,Ball Corporation,14.68,20.68,ineligible,2,job_family_compatibility,low_fit,10
f92db386-4184-4464-86fb-65acb89630b1,FL,1,d4217303-4874-4b65-8c4f-23b62efe1802,Production Technician,scraper,Ball Corporation,52.60,46.60,near_fit,3,job_family_compatibility,moderate_fit,11
f92db386-4184-4464-86fb-65acb89630b1,FL,1,a50ce27e-34e7-4a00-821d-3066412287bf,"Materials Leader (Pensacola, FL)",scraper,GE Vernova,50.53,44.53,near_fit,3,job_family_compatibility,moderate_fit,12
f9c5e456-2629-4284-af75-b3cfd1860eb4,IL,2,fc5c1942-f214-48df-971b-7037fe3e837b,Warehouse Specialist,scraper,Southwire,53.16,47.16,near_fit,2,job_family_compatibility,moderate_fit,1
f9c5e456-2629-4284-af75-b3cfd1860eb4,IL,2,261a3edb-0c61-4e40-9158-f20534009c48,"Hourly Production Team Member - Temporary Full Time - Chicago, IL",scraper,Ford Motor Company,51.80,45.80,near_fit,2,job_family_compatibility,moderate_fit,2
f9c5e456-2629-4284-af75-b3cfd1860eb4,IL,2,49901a3c-4bf5-43a9-95ff-55190786efcd,Field Service Representative,scraper,Schneider Electric,51.16,45.16,near_fit,2,job_family_compatibility,moderate_fit,3
f9c5e456-2629-4284-af75-b3cfd1860eb4,IL,2,73c15577-8c61-4e8c-9320-8d11d8918722,Systems Field Service Representative - Chicago,scraper,Schneider Electric,51.16,45.16,near_fit,2,job_family_compatibility,moderate_fit,4
f9c5e456-2629-4284-af75-b3cfd1860eb4,IL,2,268dd605-3bff-4563-ab00-de5ff47358a1,Field Service Representative,scraper,Schneider Electric,51.12,45.12,near_fit,2,job_family_compatibility,moderate_fit,5
f9c5e456-2629-4284-af75-b3cfd1860eb4,IL,2,738888d5-42a6-46d6-a8f2-415f663dda9f,Field Service Representative - Secure Power/Electronic,scraper,Schneider Electric,51.12,45.12,near_fit,2,job_family_compatibility,moderate_fit,6
f9c5e456-2629-4284-af75-b3cfd1860eb4,IL,2,fcace57a-06c3-4e68-8e04-6b1157ecad61,BMS Service Account Executive,scraper,Schneider Electric,45.61,39.61,near_fit,3,job_family_compatibility,moderate_fit,7
fb5dc140-3b4d-4539-b523-dd866a8b6279,AZ,2,392f14b7-7f5d-4e24-a95c-91318ad5e80b,Field Service Representative - HVAC/Cooling,scraper,Schneider Electric,57.71,51.71,near_fit,1,required_credential_compatibility,moderate_fit,1
fb5dc140-3b4d-4539-b523-dd866a8b6279,AZ,2,abb0d5f2-47b2-4d88-99e3-319caef8a27c,Manufacturing Cell Lead (2nd Shift),scraper,Schneider Electric,15.31,21.31,ineligible,1,job_family_compatibility,low_fit,2
fb5dc140-3b4d-4539-b523-dd866a8b6279,AZ,2,95614908-a096-4942-98c5-186ebfeb031f,HVAC-Electrical Technician,seed,Southwest Electric & HVAC,52.99,46.99,near_fit,2,job_family_compatibility,moderate_fit,3
fb5dc140-3b4d-4539-b523-dd866a8b6279,AZ,2,5b7de9fd-608f-4751-bf57-ea7f12da966f,Continuous Improvement Leader,scraper,Schneider Electric,49.55,43.55,near_fit,2,job_family_compatibility,moderate_fit,4
fb89da8e-16e4-468b-9ebc-e925a8de1677,CO,2,bd04aa5e-2928-4847-9744-1547a1ab34f1,Material Handler - Forklift / Warehouse Operator,scraper,Ball Corporation,52.87,46.87,near_fit,2,job_family_compatibility,moderate_fit,1
fb89da8e-16e4-468b-9ebc-e925a8de1677,CO,2,55ca320c-2898-40a9-9512-907c637508ab,Field Service Representative - Power Distribution/Electrical,scraper,Schneider Electric,51.12,45.12,near_fit,2,job_family_compatibility,moderate_fit,2
fb89da8e-16e4-468b-9ebc-e925a8de1677,CO,2,a2db9942-94b5-4f01-a5a2-61dee26618be,Production Technician,scraper,Ball Corporation,53.53,47.53,near_fit,3,job_family_compatibility,moderate_fit,3
fb89da8e-16e4-468b-9ebc-e925a8de1677,CO,2,acc8ba1f-b40a-40d5-bff8-d3513f34e44c,Machinist,scraper,Ball Corporation,52.79,46.79,near_fit,3,job_family_compatibility,moderate_fit,4
fbd0fea0-ddbe-443e-a531-38f32312f15c,IA,2,ad9ace0a-35e9-4b3a-945f-ea189fa9909a,High Voltage Technician III,scraper,GE Vernova,15.69,21.69,ineligible,2,job_family_compatibility,low_fit,1
fcd2f5ac-a7b9-4732-b60f-bc7f9e1a1953,AZ,2,398da005-863a-485c-a972-f555fcc71f5e,Field Service Representative - Drives/Industry,scraper,Schneider Electric,52.95,46.95,near_fit,1,job_family_compatibility,moderate_fit,1
fcd2f5ac-a7b9-4732-b60f-bc7f9e1a1953,AZ,2,cc8866c0-fd8c-4ec4-8c76-6d222ef7b305,Quality Inspector,scraper,Schneider Electric,51.14,45.14,near_fit,1,job_family_compatibility,moderate_fit,2
fcd2f5ac-a7b9-4732-b60f-bc7f9e1a1953,AZ,2,f11111cd-0177-4bbc-a032-82cde1e21e4c,Quality Inspector,scraper,Schneider Electric,51.14,45.14,near_fit,1,job_family_compatibility,moderate_fit,3
fcd2f5ac-a7b9-4732-b60f-bc7f9e1a1953,AZ,2,ced66e0d-fea0-4c45-a6b0-03b0c7d3993c,Production Supervisor,scraper,Schneider Electric,15.16,21.16,ineligible,1,job_family_compatibility,low_fit,4
fcd2f5ac-a7b9-4732-b60f-bc7f9e1a1953,AZ,2,f39b2b0c-778f-47c5-8f6d-4b9353db57a6,Field Service Representative,scraper,Schneider Electric,50.62,44.62,near_fit,2,job_family_compatibility,moderate_fit,5
fcd2f5ac-a7b9-4732-b60f-bc7f9e1a1953,AZ,2,707c18e2-5cba-4985-8dd6-26b3a8a60a95,Maintenance Mechanic,scraper,Ball Corporation,51.35,45.35,near_fit,3,job_family_compatibility,moderate_fit,6
fe3a29ad-9dd2-48bf-9fa2-a2419f29f16e,CA,2,ee7da4c4-6f75-482f-a406-24c03d68ca9a,Electrical Apprentice,seed,Pacific Grid Services,66.30,55.30,near_fit,1,required_credential_compatibility,good_fit,1
fe3a29ad-9dd2-48bf-9fa2-a2419f29f16e,CA,2,2815b44e-d2c8-4e28-8d97-62127318d2bd,Residential Electrician,seed,Bay Area Electrical Contractors,59.96,53.96,near_fit,1,required_credential_compatibility,moderate_fit,2
fe3a29ad-9dd2-48bf-9fa2-a2419f29f16e,CA,2,904fbc7d-d495-48f0-a82f-e47f7edb8c44,Electrician — Journey Level,seed,Pacific Grid Services,23.27,24.27,ineligible,1,seniority_compatibility,low_fit,3
fe3a29ad-9dd2-48bf-9fa2-a2419f29f16e,CA,2,fd5e0d1f-84b6-4d22-a957-63fdf5b36602,Industrial Electrician Technician,scraper,Ball Corporation,62.55,56.55,near_fit,2,seniority_compatibility,good_fit,4
fe3a29ad-9dd2-48bf-9fa2-a2419f29f16e,CA,2,8289f495-863f-4244-af82-0f40d2122358,Powerline Technician - Lineman - Underground,scraper,Southwire,55.89,49.89,near_fit,2,seniority_compatibility,moderate_fit,5
fe3a29ad-9dd2-48bf-9fa2-a2419f29f16e,CA,2,53f24894-9291-47ae-8284-33c3ab646baa,Service Specialist II,scraper,Schneider Electric,51.71,45.71,near_fit,2,job_family_compatibility,moderate_fit,6
feefbfc0-b596-4603-9181-04da5d03b365,AR,1,c1557174-f263-4b94-acae-541575223397,Field Service Technician - HVAC/Cooling,scraper,Schneider Electric,50.59,44.59,near_fit,2,job_family_compatibility,moderate_fit,1
feefbfc0-b596-4603-9181-04da5d03b365,AR,1,b5eb6630-f8fa-4f4b-8b46-df30db6d53b0,Field Service Representative,scraper,Schneider Electric,50.00,44.00,near_fit,2,job_family_compatibility,moderate_fit,2
fef1830f-f5c0-40aa-8b29-486ef0cc285d,IL,2,fcace57a-06c3-4e68-8e04-6b1157ecad61,BMS Service Account Executive,scraper,Schneider Electric,46.07,40.07,near_fit,3,job_family_compatibility,moderate_fit,1
ff97372e-1746-4191-b928-e1f619d1e938,AR,2,c1557174-f263-4b94-acae-541575223397,Field Service Technician - HVAC/Cooling,scraper,Schneider Electric,51.27,45.27,near_fit,2,job_family_compatibility,moderate_fit,1
ffc824da-ab20-4104-989d-ed79501f38f1,CO,1,bd04aa5e-2928-4847-9744-1547a1ab34f1,Material Handler - Forklift / Warehouse Operator,scraper,Ball Corporation,51.74,45.74,near_fit,2,job_family_compatibility,moderate_fit,1
ffc824da-ab20-4104-989d-ed79501f38f1,CO,1,55ca320c-2898-40a9-9512-907c637508ab,Field Service Representative - Power Distribution/Electrical,scraper,Schneider Electric,50.00,44.00,near_fit,2,job_family_compatibility,moderate_fit,2
ffc824da-ab20-4104-989d-ed79501f38f1,CO,1,a2db9942-94b5-4f01-a5a2-61dee26618be,Production Technician,scraper,Ball Corporation,52.41,46.41,near_fit,3,job_family_compatibility,moderate_fit,3
ffc824da-ab20-4104-989d-ed79501f38f1,CO,1,acc8ba1f-b40a-40d5-bff8-d3513f34e44c,Machinist,scraper,Ball Corporation,52.19,46.19,near_fit,3,job_family_compatibility,moderate_fit,4
ffc824da-ab20-4104-989d-ed79501f38f1,CO,1,b5a26d13-3f56-4004-8591-56c1e66fae5b,"Wind Hub Technician - CO LW (Grover, CO Area)",scraper,GE Vernova,51.31,45.31,near_fit,3,job_family_compatibility,moderate_fit,5
